/*
 Navicat Premium Data Transfer

 Source Server         : 127.0.0.1
 Source Server Type    : MySQL
 Source Server Version : 80018
 Source Host           : localhost:3306
 Source Schema         : manager

 Target Server Type    : MySQL
 Target Server Version : 80018
 File Encoding         : 65001

 Date: 09/12/2020 11:03:24
*/

SET NAMES utf8mb4;
SET FOREIGN_KEY_CHECKS = 0;

-- ----------------------------
-- Table structure for ACT_EVT_LOG
-- ----------------------------
DROP TABLE IF EXISTS `ACT_EVT_LOG`;
CREATE TABLE `ACT_EVT_LOG`
(
    `LOG_NR_`       bigint(20)   NOT NULL AUTO_INCREMENT,
    `TYPE_`         varchar(64) COLLATE utf8_bin  DEFAULT NULL,
    `PROC_DEF_ID_`  varchar(64) COLLATE utf8_bin  DEFAULT NULL,
    `PROC_INST_ID_` varchar(64) COLLATE utf8_bin  DEFAULT NULL,
    `EXECUTION_ID_` varchar(64) COLLATE utf8_bin  DEFAULT NULL,
    `TASK_ID_`      varchar(64) COLLATE utf8_bin  DEFAULT NULL,
    `TIME_STAMP_`   timestamp(3) NOT NULL,
    `USER_ID_`      varchar(255) COLLATE utf8_bin DEFAULT NULL,
    `DATA_`         longblob,
    `LOCK_OWNER_`   varchar(255) COLLATE utf8_bin DEFAULT NULL,
    `LOCK_TIME_`    timestamp(3) NULL             DEFAULT NULL,
    `IS_PROCESSED_` tinyint(4)                    DEFAULT '0',
    PRIMARY KEY (`LOG_NR_`)
) ENGINE = InnoDB
  DEFAULT CHARSET = utf8mb4
  COLLATE = utf8mb4_general_ci;

-- ----------------------------
-- Records of ACT_EVT_LOG
-- ----------------------------


-- ----------------------------
-- Table structure for ACT_GE_BYTEARRAY
-- ----------------------------
DROP TABLE IF EXISTS `ACT_GE_BYTEARRAY`;
CREATE TABLE `ACT_GE_BYTEARRAY`
(
    `ID_`            varchar(64) COLLATE utf8_bin NOT NULL,
    `REV_`           int(11)                       DEFAULT NULL,
    `NAME_`          varchar(255) COLLATE utf8_bin DEFAULT NULL,
    `DEPLOYMENT_ID_` varchar(64) COLLATE utf8_bin  DEFAULT NULL,
    `BYTES_`         longblob,
    `GENERATED_`     tinyint(4)                    DEFAULT NULL,
    PRIMARY KEY (`ID_`),
    KEY `ACT_FK_BYTEARR_DEPL` (`DEPLOYMENT_ID_`),
    CONSTRAINT `ACT_FK_BYTEARR_DEPL` FOREIGN KEY (`DEPLOYMENT_ID_`) REFERENCES `ACT_RE_DEPLOYMENT` (`ID_`)
) ENGINE = InnoDB
  DEFAULT CHARSET = utf8mb4
  COLLATE = utf8mb4_general_ci;

-- ----------------------------
-- Records of ACT_GE_BYTEARRAY
-- ----------------------------
BEGIN;
INSERT INTO `ACT_GE_BYTEARRAY`
VALUES ('3bcc6cb4-39c7-11eb-b98a-acde48001122', 2, 'source', NULL,
        0x3C3F786D6C2076657273696F6E3D22312E302220656E636F64696E673D225554462D38223F3E0A3C646566696E6974696F6E7320786D6C6E733D22687474703A2F2F7777772E6F6D672E6F72672F737065632F42504D4E2F32303130303532342F4D4F44454C2220786D6C6E733A7873693D22687474703A2F2F7777772E77332E6F72672F323030312F584D4C536368656D612D696E7374616E63652220786D6C6E733A7873643D22687474703A2F2F7777772E77332E6F72672F323030312F584D4C536368656D612220786D6C6E733A666C6F7761626C653D22687474703A2F2F666C6F7761626C652E6F72672F62706D6E2220786D6C6E733A62706D6E64693D22687474703A2F2F7777772E6F6D672E6F72672F737065632F42504D4E2F32303130303532342F44492220786D6C6E733A6F6D6764633D22687474703A2F2F7777772E6F6D672E6F72672F737065632F44442F32303130303532342F44432220786D6C6E733A6F6D6764693D22687474703A2F2F7777772E6F6D672E6F72672F737065632F44442F32303130303532342F44492220747970654C616E67756167653D22687474703A2F2F7777772E77332E6F72672F323030312F584D4C536368656D61222065787072657373696F6E4C616E67756167653D22687474703A2F2F7777772E77332E6F72672F313939392F585061746822207461726765744E616D6573706163653D2231223E0A20203C70726F636573732069643D226C6561766522206E616D653D22E8AFB7E58187E6B581E7A88B2220697345786563757461626C653D2274727565223E0A202020203C646F63756D656E746174696F6E3EE8AFB7E58187E6B581E7A88B3C2F646F63756D656E746174696F6E3E0A202020203C73746172744576656E742069643D22737461727422206E616D653D2253746172742220666C6F7761626C653A666F726D4B65793D226C656176654170706C792E666F726D223E3C2F73746172744576656E743E0A202020203C656E644576656E742069643D22656E6422206E616D653D22456E64223E3C2F656E644576656E743E0A202020203C757365725461736B2069643D225F5F696E69746961746F725F5F22206E616D653D22E794B3E8AFB7E68F90E4BAA4E4BABA2220666C6F7761626C653A666F726D4B65793D226C656176654170706C792E666F726D223E0A2020202020203C657874656E73696F6E456C656D656E74733E0A20202020202020203C6D6F64656C65723A696E69746961746F722D63616E2D636F6D706C65746520786D6C6E733A6D6F64656C65723D22687474703A2F2F666C6F7761626C652E6F72672F6D6F64656C6572223E3C215B43444154415B747275655D5D3E3C2F6D6F64656C65723A696E69746961746F722D63616E2D636F6D706C6574653E0A2020202020203C2F657874656E73696F6E456C656D656E74733E0A202020203C2F757365725461736B3E0A202020203C757365725461736B2069643D226D616E61676572417070726F766522206E616D653D22E7BB8FE79086E5AEA1E689B92220666C6F7761626C653A63616E64696461746547726F7570733D226D616E61676572223E3C2F757365725461736B3E0A202020203C757365725461736B2069643D22626F7373417070726F766522206E616D653D22E88081E69DBFE5AEA1E689B92220666C6F7761626C653A63616E64696461746547726F7570733D22626F7373223E3C2F757365725461736B3E0A202020203C73657175656E6365466C6F772069643D22666C6F77312220736F757263655265663D22737461727422207461726765745265663D225F5F696E69746961746F725F5F223E3C2F73657175656E6365466C6F773E0A202020203C73657175656E6365466C6F772069643D22666C6F77322220736F757263655265663D225F5F696E69746961746F725F5F22207461726765745265663D226D616E61676572417070726F7665223E3C2F73657175656E6365466C6F773E0A202020203C73657175656E6365466C6F772069643D22666C6F77332220736F757263655265663D226D616E61676572417070726F766522207461726765745265663D22626F7373417070726F7665223E3C2F73657175656E6365466C6F773E0A202020203C73657175656E6365466C6F772069643D22666C6F77342220736F757263655265663D22626F7373417070726F766522207461726765745265663D22656E64223E3C2F73657175656E6365466C6F773E0A20203C2F70726F636573733E0A20203C62706D6E64693A42504D4E4469616772616D2069643D2242504D4E4469616772616D5F6C65617665223E0A202020203C62706D6E64693A42504D4E506C616E652062706D6E456C656D656E743D226C65617665222069643D2242504D4E506C616E655F6C65617665223E0A2020202020203C62706D6E64693A42504D4E53686170652062706D6E456C656D656E743D227374617274222069643D2242504D4E53686170655F7374617274223E0A20202020202020203C6F6D6764633A426F756E6473206865696768743D2233352E30222077696474683D2233352E302220783D2235302E302220793D223130302E30223E3C2F6F6D6764633A426F756E64733E0A2020202020203C2F62706D6E64693A42504D4E53686170653E0A2020202020203C62706D6E64693A42504D4E53686170652062706D6E456C656D656E743D22656E64222069643D2242504D4E53686170655F656E64223E0A20202020202020203C6F6D6764633A426F756E6473206865696768743D2233352E30222077696474683D2233352E302220783D223539302E302220793D223130302E30223E3C2F6F6D6764633A426F756E64733E0A2020202020203C2F62706D6E64693A42504D4E53686170653E0A2020202020203C62706D6E64693A42504D4E53686170652062706D6E456C656D656E743D225F5F696E69746961746F725F5F222069643D2242504D4E53686170655F5F5F696E69746961746F725F5F223E0A20202020202020203C6F6D6764633A426F756E6473206865696768743D2235352E30222077696474683D223130352E302220783D223134302E302220793D2239302E30223E3C2F6F6D6764633A426F756E64733E0A2020202020203C2F62706D6E64693A42504D4E53686170653E0A2020202020203C62706D6E64693A42504D4E53686170652062706D6E456C656D656E743D226D616E61676572417070726F7665222069643D2242504D4E53686170655F6D616E61676572417070726F7665223E0A20202020202020203C6F6D6764633A426F756E6473206865696768743D2235352E30222077696474683D223130352E302220783D223239302E302220793D2239302E30223E3C2F6F6D6764633A426F756E64733E0A2020202020203C2F62706D6E64693A42504D4E53686170653E0A2020202020203C62706D6E64693A42504D4E53686170652062706D6E456C656D656E743D22626F7373417070726F7665222069643D2242504D4E53686170655F626F7373417070726F7665223E0A20202020202020203C6F6D6764633A426F756E6473206865696768743D2235352E30222077696474683D223130352E302220783D223434302E302220793D2239302E30223E3C2F6F6D6764633A426F756E64733E0A2020202020203C2F62706D6E64693A42504D4E53686170653E0A2020202020203C62706D6E64693A42504D4E456467652062706D6E456C656D656E743D22666C6F7734222069643D2242504D4E456467655F666C6F7734223E0A20202020202020203C6F6D6764693A776179706F696E7420783D223534352E302220793D223131372E30223E3C2F6F6D6764693A776179706F696E743E0A20202020202020203C6F6D6764693A776179706F696E7420783D223539302E302220793D223131372E30223E3C2F6F6D6764693A776179706F696E743E0A2020202020203C2F62706D6E64693A42504D4E456467653E0A2020202020203C62706D6E64693A42504D4E456467652062706D6E456C656D656E743D22666C6F7733222069643D2242504D4E456467655F666C6F7733223E0A20202020202020203C6F6D6764693A776179706F696E7420783D223339352E302220793D223131372E30223E3C2F6F6D6764693A776179706F696E743E0A20202020202020203C6F6D6764693A776179706F696E7420783D223434302E302220793D223131372E30223E3C2F6F6D6764693A776179706F696E743E0A2020202020203C2F62706D6E64693A42504D4E456467653E0A2020202020203C62706D6E64693A42504D4E456467652062706D6E456C656D656E743D22666C6F7732222069643D2242504D4E456467655F666C6F7732223E0A20202020202020203C6F6D6764693A776179706F696E7420783D223234352E302220793D223131372E30223E3C2F6F6D6764693A776179706F696E743E0A20202020202020203C6F6D6764693A776179706F696E7420783D223239302E302220793D223131372E30223E3C2F6F6D6764693A776179706F696E743E0A2020202020203C2F62706D6E64693A42504D4E456467653E0A2020202020203C62706D6E64693A42504D4E456467652062706D6E456C656D656E743D22666C6F7731222069643D2242504D4E456467655F666C6F7731223E0A20202020202020203C6F6D6764693A776179706F696E7420783D2238352E302220793D223131372E30223E3C2F6F6D6764693A776179706F696E743E0A20202020202020203C6F6D6764693A776179706F696E7420783D223134302E302220793D223131372E30223E3C2F6F6D6764693A776179706F696E743E0A2020202020203C2F62706D6E64693A42504D4E456467653E0A202020203C2F62706D6E64693A42504D4E506C616E653E0A20203C2F62706D6E64693A42504D4E4469616772616D3E0A3C2F646566696E6974696F6E733E,
        NULL);
INSERT INTO `ACT_GE_BYTEARRAY`
VALUES ('3be68465-39c7-11eb-b98a-acde48001122', 1, 'source-extra', NULL,
        0x89504E470D0A1A0A0000000D494844520000027B0000009B08060000001AEF5D3C0000170F4944415478DAEDDD0994CD65FCC7F169DF543A6D4EA9B4EFFBA65DE5B4AA5498681431624CA585089121C229A521294AD1BFDD5254769AA84152B29364304896FED67AFECFE7F9CF73CF6FAE19993133F7DEF9BD5FE73CC7CCBD3F33E3CED7F7F77DD69B9404000000000000000000000000000000000000000000000000000000000000000000000000000000000000000000000000000000000000000000000000000000000000000000000000000000000000000000000000000000000000000000000000000000000000000000000000000000000000000000000000000000000000000000000000000000000000000000000000000000000000000000000000000000000000000000000000000000000000000000000000000000000000000000000000000000000000000000000000000000000000000000000000000000000000000000000000000000000000000000000000000000000000000000000000000000000000000000000000000000000000000000000000000000000000000000000000000000000000000000000000000000000000000000000000000000000000000000000000000000000000000010778C31FB2E5EBCF8E3A953A7FE3376EC58337AF4685A1CB43163C698499326ADB12D85B8A21157C4157105A0D89438274F9E6C727373CDD6AD5B6971D456AF5E6D264E9CB8DE26D25AC4158DB822AE882B00C5A21E328933AE13E856DB739E435CD1882BE28AB802502C9A0A2149C577B3C9733B714523AE882BE20A40B168BD05092AEE93A721AE68C41571455C0128D5E4B9E9AF156671F640337B4C27D7F4B11E23B9913C892BE28AB8A251EC01099E3C37AE5B6E7EF9BABDF9E9CB96F99A1ED3732438922771455C1157348A3D208193E7B2D9C3774A9CBEFD317B04098EE4495C1157C4158D620F48E4E43967FC4B85264F3D478223791257C4157145A3D803123879FE32BA63A1C953CF91E0489EC41571455CD1C250ECD5AD5BF7A8E4E4E407AC1EB68DB76D996D26D056D836C55ED3DF5EDBD87E5C854AA38474ECD8B162666666E78C8C8C69EDDBB75F9D9696B6EDC1071F8CBCF84D9A34D9D1AA55AB759D3A759AD9A74F9F7EEDDAB53B95578DE449F224AE882BE28A465CED8E3A75EA54B705DCE7B6A6D81C55DCFD57DBAEE2CFB606D5AA55DB97AAA318BA74E9726B870E1D7E4C4949F9D7167966E8D0A166D6AC59EE74F51D3B76186FEDDAB566EEDCB9E6ABAFBE323D7BF634BADE167FCBECDF6912F6177F7792A776B315963CF51C098EE4495C1157C415AD3C167BB648BBCCB6EC22167885B5391AEDA37ADB4D2D5AB4A8D2A64D9B998D1B37FEF7E38F3F76C55C516CDBB6CD6465659976EDDAFD9B9696B6323535F56E8ABDC2DB82ACD70B4D9E7A8E0447F224AE882BE28A56DE8A3D5B9875CD1B998B146C9A35ECDAB5AB51ED317BF66CB362C50AB379F3E6486DA1C1A6F9F3E79BCF3EFBCC5D57BF7EFD828ABE51F6EB54A69ADB85F6EDDBA7376AD468FBBBEFBE6BFEFEFB6FB3A7B2B3B38D2DF6B6356DDA7468EDDAB52B50ECEDDCD62E9F657EF9A6C3CE5322F6313D478223791257C41571452B2FC59E6A81BCF5789102AD418306E6FDF7DF77C55C51A84ED1AC638B162DF2157CC9C9C9EBEC9FD5A8EA0AD0BA75EB7ECD9B37DF317DFA745392366CD860323333B7D95F668EFD2557A2D8DBB92D993668A7E4A9C7486E244FE28AB822AE68E5A5D8CB2BF426070B332D13D308DE9ED0D2B29123479AE07E02DB36DA568BEA2EAAD04B4F4FFFA7A85575510C1932E49F949494F5F6977D1AC55EA06DD962167CD777E72911FB989E23C1913C892BE28AB8A29587622F7A444FD3B5C13D007B6AF9F2E5A665CB96C1826F737272720DAABCBCA95B8DE89566A1E70D1B366C8B2DF896876584EFBF92A74E9C9F9FD5BBD035307A8E53E9499EC41571455CD112BDD8CB5BA31729C4A64E9D5A2A7586D6F8693D5F7084CF7EEFB3425DE8693386D6E8CD9C39D39495C18307E7D4AB576F781876EA169A3C6D0F78C58271E6E7AF9E2B3471FAA66B742DBD66922771455C1157C455828EE85D16DC8CA111BDD2A4CD1C5DBA74C9773E9FCEF00BF3F4EDCFDA8C51D69E78E2899CE4E4E4F430167BFFD53BA6D74CF224AE882BE28A569E8A3D7BBFFF31B846AF24A76E77B55F20353535B869E39550167A3A474FC7AB94C4AEDB62CCABEFA857AFDE9FE5BDD22E2879EE4EEF7857BD66121EC993B822AE882BE22A51E8C0E4E0AEDB3DDD8C5114DA701AB561A34AE88A3D1D98ACB36A62A55BB76EB335871FB662AFB889D337121EC993B822AE882BE22A81A67047F8824BC7AB9435BDD943A0E0EB11AA424F6F81A677BA28EA81C9253CBA976B8BBD35E579EDDEEE1E654023791257C41571452B6F71A5D93BFF16683A16A52C3682465BB46851BEF3F71A3468503134C55EDFBE7DBB6ADE3CD69A356B36CF06C3B5147B34922771455C1157B4F21557B6B87AC0175ADA211B2BC143976DCD513334C55E4646C6B4112346C4BCD8EBD5AB5756224EE5DA9F79F4EE14A9244F922771455C1157B4B0C695A64DCB6A07EEAE7CF8E187E1DCA8D1BE7DFBD5B366CD8A79B13775EAD4993A643101D720F81EC2681B3855499E244FE28A465CD188AB9DAE891CA23C77EEDC58D61AC191BDD1A129F6D2D2D2B6C562EE3CDACA952B57E8FC9B442DF6826FBC5C500F87E449F224AE882BE28A16D6B8B28F2DF3CF97E52EDC68BFFFFE7BBE33F74253EC69A164599C73B33BF4E29783622FD26308063BC993E4495C1157C4152DAC71157C5CEF6C112B3A6439F8B384A6D8D33F365E94A7622FD8C3D1B036C993E4495C1157C4152DAC7115FC3C1E6A8DD0157BF136B2575E5BAC92A7B69AF7EFDFDFAC5EBDBAC0E7D5C35AB87061BEC7860D1B66860F1FBED3B5BFFDF69B1932648859BF7E7D917E067D7DFD0C6BD6ACF9CF6B57AD5A65264E9CB85BD7967423AE8AD766CC9861B694E25B6265656599575F7DB5D0E7E7CC99633EFFFCF3C8CFF2C71F7FB89FE7FBEFBF77F114EBD787B8DAB3F6F5D75FBB56D8F33A36EC8D37DE706F7C4F5C254663642FC46BF66C3192534ED6ECF9966D7BC835FCD981B14A9EDF7CF38D82D9CC9B37AFC0E7B50DFDD0430F357DFBF635F5EBD7378F3CF28839E9A493CCC9279FEC3ED629E7A3468D72D76AD7B6BED69F7FFE69EEBFFF7EB3DF7EFB99030E38C0B5FDF7DFDF5C70C105EEBA254B9698091326982953A6B8A684AABF3774E8D0C8637A5ED745FF3C5F7CF185BB5609959E72FCC655B0383FF0C0034DC78E1DDDE737DC7083A95AB5AA6B975C7249E4F1679E79C69C75D659E69C73CE71B175F6D9679BC30E3BCC1C7EF8E19176C8218798EFBEFBCEC5477A7ABADE4AD135FD3DC544D3A64D238FE9795DABAFADD8AD58B1A2FB58B1FBE28B2FBA8F1593EA9C3002937871959393E38AAB952B579ADB6FBFDD54AF5EDD3DB674E95257D83DF7DC7366E3C68DEE5A5DA7F8D0C2FB01030698E38E3BCEC5816FC71F7FBC69DDBA357115E3B862CD5E8CB56DDB76CDECD9B3E36537EEE47250ECE54B9AB1580373FAE9A79B33CF3CD39C7BEEB9E6C4134F7409CD7F7EC61967B81BAEBF56857EBD7AF54CE3C68DCDBDF7DEEB6ED6C71C738C39FAE8A3DDC7D75D779DF9F1C71FCDA44993CCE38F3FEEBE968AB79A356B9A534F3DD53CF4D043AEE9C67EF9E597BBAFA984ABC2EFA28B2E7289567FAA9D7FFEF9A672E5CAEE633DFFD65B6FEDF4B36B0450DF63CC983124CF388BAB82DA638F3DE66E888A8F75EBD6994E9D3A990E1D3A983A75EAB8DF63F3E6CDDD75E3C68D338D1A3572055EBF7EFD5C0CE8DF55BB766D17AFBE43F0C30F3F980F3EF8C0ECB5D75EEE7AB57BEEB9C7C5A3FDF7471EDB7BEFBDDD09FC1A056ED8B0A1A950A1823B524171DEA3470FF73D0F3EF860A377069A3C79B2D18903DC941327AE5AB56AE53A05A79C728AEB04A8E9E3238F3CD2752E55A0F951B6975F7ED9C58ECE8B5551A758501EF14D459B3A97C4556CE38ADDB831A673F6468E1C1917E7EC25E2DB9704827B8A0E682CEC5D40CA3279EA86FACA2BAFB88F553429116A0A569FAB777AD45147B98F3FFAE82337E2A2D13D9D7BF4F0C30FBB7F8B7AB1279C7082FBF8BEFBEE73D7E966AEEBF4B55E7BED3557EC29013EFAE8A3AE5D79E595E6B2CB2ECBF77328C11E74D041EEE6AECFDBB56BE7BEF7B7DF7E5BE8CFDEB2654BF73DDE7EFB6D92679CC555741B346890BB796AE44531A7226FD3A64D6EE4459F6BC4F8CB2FBF74D7FEF5D75FEEA6AB9BAB4603AFB8E20A170BFA5C31A28E837EEFD9D9D946EFD1AD9BFD8D37DE686EBEF966D789D073D75C738DFBFCA69B6E7237758DEC68B458A3CCBA01AB60544CEA6B6B94468FA5A4A4B811E8DEBD7B73534E90B8FAE9A79F5CCEF9F4D34F5DBBFAEAAB5D0C2857A918BBE5965B5CE1366DDA34D73950E1A7F8D0BFEBA9A79E32FBEEBBAFB9F8E28B5D53A7421D56754488ABD8C6957DAE773C9CB3A7EF1DF8797B87A6D8CBCCCCECD9A54B9798177BE9E9E9BFD817BE5A02167B05F68C635DECA9F7AB3F959894D0D433F68FFB62AF4D9B36AEA7ACE795E494EC345D126C4A82CF3EFBACBB5E9D025D3B70E04015E7AE38D434AF9A3ED6D7F03FC3279F7CE2467C9420E7CF9FEF1E9B3973A64BC0BAB9AB60D4BA8DE89FFDEEBBEF76DFA356AD5A614F9E711757D14D3741FD8EF5FBD2A8B146EF3485A61B72B366CDCCB5D75E1B19DDEBDCB9B3FB584D859D6EB49AE26DDBB6ADFB582324BED8D3D75607A24A952A2EF63472ACE7D2D2D2DCE77A5C3778FF73BCF9E69B2E8E172C58E06ECA1A015222F7B1EF4717B92927465C056365574D9D0B5DEF8B3D2D0DE8DEBD7BE4F9264D9AB8424EB9CF4FF91257B18B2B5B04A6C4C33B6868402150ECD50A4DB167FFE195EC8DFA5FF57A6278C69EDE1B77932D1A0E2CAFAF7359177B9A46D308CBD34F3FED12D34B2FBDE43ED7D4852FF6D4D43BD6F35A0BA31BB48A41ADC152D3C74A76BACE0F7DFB44AA047AC41147E46BFABE2FBCF082DBE0A16BEEBCF34E37DAA722525FA3468D1A6E2D97460BF57CF4BA176DE4D0F7D4355A1753D405D7BCAD55D937256D15EF9AEAD70D5523BE1ACDD3061B6D0AD2F35AEBA9825F859DE2446BA754F4177403D773FE06AE25005A377AC71D7744466EF4B90A4A7F53D6F7D52633BF54217ABA4DCB13585B955871A50D171AFDD5689C66051433952A5572EB8F9513C68E1D1B795ED72A9FF99CA4E524975E7AA9CB23EA702A0729E7F9AF4D5CC58E7D3D2B07DF1B77C3860DB15EAFB759EFD79B1426B657B350536EB1F2FAEBAF4FB3BD82FEE5F9352EEB624FEBF0B476CE4F8B6A5D8B3ED71AA9C28A3D2D4ED69A3ABF0EEFFAEBAF8F5CAB2914DDD493F216426BAD960A3B254C4D9568DA45532BDAB5A6113B1596FA53059DFE8E8A00FDA9F52F7EC76FF40E4E4D8D680A46A33C4ADCFA1E24CFF8BD296BDD9246F1B4AE496B439F7CF24937AD1B5DC0F9DDDEEFBCF38E9BB655C75271A238D2E8C885175EE83ED6C278DDBCFD4D59B1A83F7DE740F1117C5CD7A5A6A6BAE77403D6F28082D65695E64E61E2AAE49BF2867E6F9A7EF5D3ACFA793473A0F5C4EA886AAAD72F0DD1B2135DA7F5A2BA892BF7DD75D75D2EAEF6D9671FB7DC2058EC1157311D018CACDBD36B58D6B4942450EC0D4C0A1BFB9FA8AEBD99FF138B23586CE2DF6EFF73FEA9AA9F62AF649A0A25DD74B5A644C94E494B37657DAE3FD5538E2EF6B4F645FF01D4835661A6E6D755E9BA65CB96B9E35874AD8E5ED1889D16306B0D8B6EF6E79D779E9B9E2BE84802256BFD3D158FBB3A06413F9B8A4C7DAEC5D6FAD90B3A0286E4191F37652D62D77A2AEDE2D694AC62493BB7FBF4E9E37EDF5A6FA5513EADD7D3F59AFE5731AF9BB3E24571AA115C3F2AA39BF8E0C1832337E5D34E3BCD7D5D2D9CD7351AA5D6E78A337F53D642EF9E3D7B4646A00BBA296B5A50F1C44D3931E24A1D4BFDBED581507CF818512756CB45B49ED71FFFA40E86A673F5FCF4E9D35D5ED2F214BF565953B3EA5C048B3DE22A768253B99A3E2FCB2358342AAC1145FFFD6DDD71515218D9177EA5761795B58C8C8C596158245996C953A3773AC2249010221B3434B5A180F7D76A3445CF6BC445C5988A443F8DAB1B737014D0AFD9D3EE6D5DA7DDB5FA5A5AAFA55143DDE4FDDA187F2E9F76BAF9AFEF47F87EFDF5D77C3FAF8A043D7FECB1C7BA6314FC827E8D182AB19655C1C74DB9E823301AB5D3F49AA66BB5F3518F6B2A56BF6B1DAF105C87A54E816EDC5A4BA52250C5A046557404863ED6E8F0E2C58BDDF5BA11EB46ABC5F89AD6F79D057DAEC783D3687E6D95BF29AB13A2EFE76FCA2A08B4AC819B7262C4957280A66F954B9417347BA073F6B4F9C7EF00D77A507DAC69397544151FCA13CA4BDA5CA142C277228267F41157B1957704CBCFBEE0D2EFAAACF8915F357B5FFA3C29AC6C02BE253535759BD64194951933662CB095FE425B9C54A0D82BD58450E099766AFE381515615AB7A20D19BA816BB85B6B5D346DA2EBC68F1FEF929DAED5827A2D86F6D32CEA81AB37AEE4A724AD6BB5B94323733AE645233AEA5D6BE79A7668EAEFA850D4B4AF0A0415004AEA2AFAA20F71562F5C237E9A862679C6D74D593B1BFD54ADE2E4B6DB6E731B6BB446538F297EB4A3313333D3B5E79F7FDEDD9CD5315027404957536DBAA1FA246C3B7FEE6BABE3A90D1FFEE3600CEBDFECCF42D39F1A5954A744A3CC5A6AA01BBECD2BAEB8541C6A2451EB05B92927465C059B3A80CA21CA2D5A92A2224EB9225864E92C3EC587D6EB69F4EFAAABAE8A1CC5A25302943FB40991B88ABFD13D0D1628CF97360D5404A66FB7DBFC735E5298356DDAF4935EBD7A6D2F8BE9DC9C9C9CBF357D6BFFD3560FC36B1BABE4A969352547BF2336BA693D8A7AB05A7FA2824DFF19F4B8A6303425E20FC5D57A2B9DD1A751432D7AD6B4AB7ADA3A2B4F45A2CEE8BBF5D65BDD148BA653D46BD62862F4BA162DDC5781A7E30F9450354AA88D1BDAF156D8A1BD4AEC3ACD9EE4195F3765AD9BD208871F35D6BA5F8DBAE8881EDF74A37CEFBDF7F2FD3DADDB542723789DBF564561F4F7D1D75541183D22ACA678D3796CDA5CA4F55BDDBA758BAC11D4CE4CC5AAE253A33FDC9413AFD8D36C81F283F285CEFD5491A5DDFFC1F3ED54AC69044F85984E09508EF26B833578A1F577EA80125771B5766F842FBE745C4E696E10D5BD2A387D6B5BD3A4B0D3106BC3860D970C1A34685B69167AB9B9B93BEC7FD81CFB9FB345585E5BDE6B92F79A24AE882BE28A46B19794640BF24AB6E85AED0B308DBCEA6DCC4AA3D053E720D49B327631C47A54FDFAF5D7DA1EFBD6D21AD1CB2BF4BA86E9752579923C892BE28AB8A251ECFDBFE4E4E4AAB6ADF38598D6D469377E494EDD468DE88D0AC392B122D1CED8949494E503060C5859D26BF434751BA6113D9227C993B822AE882B1A7155E0E0524D7FF69E9A46E1740CD39EEEBAD50EEDA8B76FA3D0DBD5089F2DCC866B97EED2A54BB7ECE9F12ADA75ABCD186159A347F22479125734E28A465CED9A6A025B8C6D0C1667DADD5FD4F7CFD5E62F6D2C8C1ACD7353B7147ABB37D49A6E8BBE559D3B77FE79D1A245451AE9D33B63646666666B34CFBEE07DC3FC82933C499EC41571455CD128F60A1C5C3ACBD608CBA28A34B7E14BA73668E7B43682F9757DFA53C59D4601F55EB77ABBBBE8BFAB5DB76CC628221569F645EBA85F4693264DE675EFDE7DCAF8F1E367D8177B69B0B85BBB76ED2AFBE2CFECD5AB5796DEEB566F81A677C628EF0726933C499EC4158DB8A211577B5667682D7FF4285F719ACED10BFDF12A2530D25735AFF01B65DB92BCEAD9BFC82B6C9B625B0FDBAA95E7F7BA2579923C892B1A714523AE4A56DE7BE86604376FEC66D3DABF81A17D670C903C69DC9469C41571455C25120D16E5ADE7EB9137B8143DCDBBA26EDDBAA3F50E5CB6307C40FB0CA83440F2A47153A61157C415710580E449F224AE68C41571455C012079923C892B1A714523AE00903C499EC4158DB8A2115700C51E8DE4495C1157C4158D620F487463C78E2541C577DB6C93E776E28A465C1157C4158062993469D28ADCDC5C92549CB6E5CB97FF8F4D9E73882B1A71455C1157008A65DCB871F74C9830E1AF55AB56FD2FC92ABE7AC84A9C63C68C596A5B2DE28A465C1157C4158062B3FF396BD8DE58B686DFB5DE8216174DBF8B39899C38892BE28AB822AE0000000000000000000000000000000000000000000000000000000000000000001062FF07D670457322E5D3100000000049454E44AE426082,
        NULL);
INSERT INTO `ACT_GE_BYTEARRAY`
VALUES ('70c0ca6c-39c7-11eb-b98a-acde48001122', 1, 'af62f2e3-39c5-11eb-b98a-acde48001122.bpmn20.xml',
        '70c0ca6b-39c7-11eb-b98a-acde48001122',
        0x3C3F786D6C2076657273696F6E3D22312E302220656E636F64696E673D225554462D38223F3E0A3C646566696E6974696F6E7320786D6C6E733D22687474703A2F2F7777772E6F6D672E6F72672F737065632F42504D4E2F32303130303532342F4D4F44454C2220786D6C6E733A7873693D22687474703A2F2F7777772E77332E6F72672F323030312F584D4C536368656D612D696E7374616E63652220786D6C6E733A7873643D22687474703A2F2F7777772E77332E6F72672F323030312F584D4C536368656D612220786D6C6E733A666C6F7761626C653D22687474703A2F2F666C6F7761626C652E6F72672F62706D6E2220786D6C6E733A62706D6E64693D22687474703A2F2F7777772E6F6D672E6F72672F737065632F42504D4E2F32303130303532342F44492220786D6C6E733A6F6D6764633D22687474703A2F2F7777772E6F6D672E6F72672F737065632F44442F32303130303532342F44432220786D6C6E733A6F6D6764693D22687474703A2F2F7777772E6F6D672E6F72672F737065632F44442F32303130303532342F44492220747970654C616E67756167653D22687474703A2F2F7777772E77332E6F72672F323030312F584D4C536368656D61222065787072657373696F6E4C616E67756167653D22687474703A2F2F7777772E77332E6F72672F313939392F585061746822207461726765744E616D6573706163653D2231223E0A20203C70726F636573732069643D226C6561766522206E616D653D22E8AFB7E58187E6B581E7A88B2220697345786563757461626C653D2274727565223E0A202020203C646F63756D656E746174696F6E3EE8AFB7E58187E6B581E7A88B3C2F646F63756D656E746174696F6E3E0A202020203C73746172744576656E742069643D22737461727422206E616D653D2253746172742220666C6F7761626C653A666F726D4B65793D226C656176654170706C792E666F726D223E3C2F73746172744576656E743E0A202020203C656E644576656E742069643D22656E6422206E616D653D22456E64223E3C2F656E644576656E743E0A202020203C757365725461736B2069643D225F5F696E69746961746F725F5F22206E616D653D22E794B3E8AFB7E68F90E4BAA4E4BABA2220666C6F7761626C653A666F726D4B65793D226C656176654170706C792E666F726D223E0A2020202020203C657874656E73696F6E456C656D656E74733E0A20202020202020203C6D6F64656C65723A696E69746961746F722D63616E2D636F6D706C65746520786D6C6E733A6D6F64656C65723D22687474703A2F2F666C6F7761626C652E6F72672F6D6F64656C6572223E3C215B43444154415B747275655D5D3E3C2F6D6F64656C65723A696E69746961746F722D63616E2D636F6D706C6574653E0A2020202020203C2F657874656E73696F6E456C656D656E74733E0A202020203C2F757365725461736B3E0A202020203C757365725461736B2069643D226D616E61676572417070726F766522206E616D653D22E7BB8FE79086E5AEA1E689B92220666C6F7761626C653A63616E64696461746547726F7570733D226D616E61676572223E3C2F757365725461736B3E0A202020203C757365725461736B2069643D22626F7373417070726F766522206E616D653D22E88081E69DBFE5AEA1E689B92220666C6F7761626C653A63616E64696461746547726F7570733D22626F7373223E3C2F757365725461736B3E0A202020203C73657175656E6365466C6F772069643D22666C6F77312220736F757263655265663D22737461727422207461726765745265663D225F5F696E69746961746F725F5F223E3C2F73657175656E6365466C6F773E0A202020203C73657175656E6365466C6F772069643D22666C6F77322220736F757263655265663D225F5F696E69746961746F725F5F22207461726765745265663D226D616E61676572417070726F7665223E3C2F73657175656E6365466C6F773E0A202020203C73657175656E6365466C6F772069643D22666C6F77332220736F757263655265663D226D616E61676572417070726F766522207461726765745265663D22626F7373417070726F7665223E3C2F73657175656E6365466C6F773E0A202020203C73657175656E6365466C6F772069643D22666C6F77342220736F757263655265663D22626F7373417070726F766522207461726765745265663D22656E64223E3C2F73657175656E6365466C6F773E0A20203C2F70726F636573733E0A20203C62706D6E64693A42504D4E4469616772616D2069643D2242504D4E4469616772616D5F6C65617665223E0A202020203C62706D6E64693A42504D4E506C616E652062706D6E456C656D656E743D226C65617665222069643D2242504D4E506C616E655F6C65617665223E0A2020202020203C62706D6E64693A42504D4E53686170652062706D6E456C656D656E743D227374617274222069643D2242504D4E53686170655F7374617274223E0A20202020202020203C6F6D6764633A426F756E6473206865696768743D2233352E30222077696474683D2233352E302220783D2235302E302220793D223130302E30223E3C2F6F6D6764633A426F756E64733E0A2020202020203C2F62706D6E64693A42504D4E53686170653E0A2020202020203C62706D6E64693A42504D4E53686170652062706D6E456C656D656E743D22656E64222069643D2242504D4E53686170655F656E64223E0A20202020202020203C6F6D6764633A426F756E6473206865696768743D2233352E30222077696474683D2233352E302220783D223539302E302220793D223130302E30223E3C2F6F6D6764633A426F756E64733E0A2020202020203C2F62706D6E64693A42504D4E53686170653E0A2020202020203C62706D6E64693A42504D4E53686170652062706D6E456C656D656E743D225F5F696E69746961746F725F5F222069643D2242504D4E53686170655F5F5F696E69746961746F725F5F223E0A20202020202020203C6F6D6764633A426F756E6473206865696768743D2235352E30222077696474683D223130352E302220783D223134302E302220793D2239302E30223E3C2F6F6D6764633A426F756E64733E0A2020202020203C2F62706D6E64693A42504D4E53686170653E0A2020202020203C62706D6E64693A42504D4E53686170652062706D6E456C656D656E743D226D616E61676572417070726F7665222069643D2242504D4E53686170655F6D616E61676572417070726F7665223E0A20202020202020203C6F6D6764633A426F756E6473206865696768743D2235352E30222077696474683D223130352E302220783D223239302E302220793D2239302E30223E3C2F6F6D6764633A426F756E64733E0A2020202020203C2F62706D6E64693A42504D4E53686170653E0A2020202020203C62706D6E64693A42504D4E53686170652062706D6E456C656D656E743D22626F7373417070726F7665222069643D2242504D4E53686170655F626F7373417070726F7665223E0A20202020202020203C6F6D6764633A426F756E6473206865696768743D2235352E30222077696474683D223130352E302220783D223434302E302220793D2239302E30223E3C2F6F6D6764633A426F756E64733E0A2020202020203C2F62706D6E64693A42504D4E53686170653E0A2020202020203C62706D6E64693A42504D4E456467652062706D6E456C656D656E743D22666C6F7734222069643D2242504D4E456467655F666C6F7734223E0A20202020202020203C6F6D6764693A776179706F696E7420783D223534352E302220793D223131372E30223E3C2F6F6D6764693A776179706F696E743E0A20202020202020203C6F6D6764693A776179706F696E7420783D223539302E302220793D223131372E30223E3C2F6F6D6764693A776179706F696E743E0A2020202020203C2F62706D6E64693A42504D4E456467653E0A2020202020203C62706D6E64693A42504D4E456467652062706D6E456C656D656E743D22666C6F7733222069643D2242504D4E456467655F666C6F7733223E0A20202020202020203C6F6D6764693A776179706F696E7420783D223339352E302220793D223131372E30223E3C2F6F6D6764693A776179706F696E743E0A20202020202020203C6F6D6764693A776179706F696E7420783D223434302E302220793D223131372E30223E3C2F6F6D6764693A776179706F696E743E0A2020202020203C2F62706D6E64693A42504D4E456467653E0A2020202020203C62706D6E64693A42504D4E456467652062706D6E456C656D656E743D22666C6F7732222069643D2242504D4E456467655F666C6F7732223E0A20202020202020203C6F6D6764693A776179706F696E7420783D223234352E302220793D223131372E30223E3C2F6F6D6764693A776179706F696E743E0A20202020202020203C6F6D6764693A776179706F696E7420783D223239302E302220793D223131372E30223E3C2F6F6D6764693A776179706F696E743E0A2020202020203C2F62706D6E64693A42504D4E456467653E0A2020202020203C62706D6E64693A42504D4E456467652062706D6E456C656D656E743D22666C6F7731222069643D2242504D4E456467655F666C6F7731223E0A20202020202020203C6F6D6764693A776179706F696E7420783D2238352E302220793D223131372E30223E3C2F6F6D6764693A776179706F696E743E0A20202020202020203C6F6D6764693A776179706F696E7420783D223134302E302220793D223131372E30223E3C2F6F6D6764693A776179706F696E743E0A2020202020203C2F62706D6E64693A42504D4E456467653E0A202020203C2F62706D6E64693A42504D4E506C616E653E0A20203C2F62706D6E64693A42504D4E4469616772616D3E0A3C2F646566696E6974696F6E733E,
        0);
INSERT INTO `ACT_GE_BYTEARRAY`
VALUES ('70c0ca6d-39c7-11eb-b98a-acde48001122', 1, 'leaveApply.form', '70c0ca6b-39c7-11eb-b98a-acde48001122',
        0x7B226C697374223A5B7B2274797065223A22696E707574222C2269636F6E223A2269636F6E2D696E707574222C226F7074696F6E73223A7B227769647468223A22383025222C2264656661756C7456616C7565223A22222C227265717569726564223A747275652C226461746154797065223A22737472696E67222C227061747465726E223A22222C22706C616365686F6C646572223A22222C2264697361626C6564223A66616C73652C2272656D6F746546756E63223A2266756E635F313630373437383538313030305F3538383739227D2C226E616D65223A22E59198E5B7A5E58FB7222C226B6579223A22313630373437383538313030305F3538383739222C226D6F64656C223A22757365724964222C2272756C6573223A5B7B2274797065223A22737472696E67222C226D657373616765223A22E59198E5B7A5E58FB7E6A0BCE5BC8FE4B88DE6ADA3E7A1AE227D2C7B227265717569726564223A747275652C226D657373616765223A22E59198E5B7A5E58FB7E5BF85E9A1BBE5A1ABE58699227D5D7D2C7B2274797065223A22696E707574222C2269636F6E223A2269636F6E2D696E707574222C226F7074696F6E73223A7B227769647468223A22383025222C2264656661756C7456616C7565223A22222C227265717569726564223A747275652C226461746154797065223A22737472696E67222C227061747465726E223A22222C22706C616365686F6C646572223A22222C2264697361626C6564223A66616C73652C2272656D6F746546756E63223A2266756E635F313630373437383538363030305F3930303433227D2C226E616D65223A22E59198E5B7A5E5A793E5908D222C226B6579223A22313630373437383538363030305F3930303433222C226D6F64656C223A22757365724E616D65222C2272756C6573223A5B7B2274797065223A22737472696E67222C226D657373616765223A22E59198E5B7A5E5A793E5908DE6A0BCE5BC8FE4B88DE6ADA3E7A1AE227D2C7B227265717569726564223A747275652C226D657373616765223A22E59198E5B7A5E5A793E5908DE5BF85E9A1BBE5A1ABE58699227D5D7D2C7B2274797065223A2264617465222C2269636F6E223A2269636F6E2D64617465222C226F7074696F6E73223A7B2264656661756C7456616C7565223A22222C22726561646F6E6C79223A66616C73652C2264697361626C6564223A66616C73652C226564697461626C65223A66616C73652C22636C65617261626C65223A747275652C22706C616365686F6C646572223A22222C227374617274506C616365686F6C646572223A22222C22656E64506C616365686F6C646572223A22222C2274797065223A226461746574696D65222C22666F726D6174223A22797979792D4D4D2D64642048483A6D6D3A7373222C2274696D657374616D70223A66616C73652C227265717569726564223A747275652C227769647468223A22353025222C2272656D6F746546756E63223A2266756E635F313630373437383539313030305F3531343933227D2C226E616D65223A22E5BC80E5A78BE697B6E997B4222C226B6579223A22313630373437383539313030305F3531343933222C226D6F64656C223A22646174655374617274222C2272756C6573223A5B7B227265717569726564223A747275652C226D657373616765223A22E5BC80E5A78BE697B6E997B4E5BF85E9A1BBE5A1ABE58699227D5D7D2C7B2274797065223A2264617465222C2269636F6E223A2269636F6E2D64617465222C226F7074696F6E73223A7B2264656661756C7456616C7565223A22222C22726561646F6E6C79223A66616C73652C2264697361626C6564223A66616C73652C226564697461626C65223A66616C73652C22636C65617261626C65223A747275652C22706C616365686F6C646572223A22222C227374617274506C616365686F6C646572223A22222C22656E64506C616365686F6C646572223A22222C2274797065223A226461746574696D65222C22666F726D6174223A22797979792D4D4D2D64642048483A6D6D3A7373222C2274696D657374616D70223A66616C73652C227265717569726564223A747275652C227769647468223A22353025222C2272656D6F746546756E63223A2266756E635F313630373437383539343030305F3234333439227D2C226E616D65223A22E7BB93E69D9FE697B6E997B4222C226B6579223A22313630373437383539343030305F3234333439222C226D6F64656C223A2264617465456E64222C2272756C6573223A5B7B227265717569726564223A747275652C226D657373616765223A22E7BB93E69D9FE697B6E997B4E5BF85E9A1BBE5A1ABE58699227D5D7D5D2C22636F6E666967223A7B226C6162656C5769647468223A3130302C226C6162656C506F736974696F6E223A227269676874222C2273697A65223A22736D616C6C227D7D,
        0);
INSERT INTO `ACT_GE_BYTEARRAY`
VALUES ('70cc3c1e-39c7-11eb-b98a-acde48001122', 1, 'af62f2e3-39c5-11eb-b98a-acde48001122.leave.png',
        '70c0ca6b-39c7-11eb-b98a-acde48001122',
        0x89504E470D0A1A0A0000000D494844520000027B0000009B08060000001AEF5D3C0000170F4944415478DAEDDD0994CD65FCC7F169DF543A6D4EA9B4EFFBA65DE5B4AA5498681431624CA585089121C229A521294AD1BFDD5254769AA84152B29364304896FED67AFECFE7F9CF73CF6FAE19993133F7DEF9BD5FE73CC7CCBD3F33E3CED7F7F77DD69B9404000000000000000000000000000000000000000000000000000000000000000000000000000000000000000000000000000000000000000000000000000000000000000000000000000000000000000000000000000000000000000000000000000000000000000000000000000000000000000000000000000000000000000000000000000000000000000000000000000000000000000000000000000000000000000000000000000000000000000000000000000000000000000000000000000000000000000000000000000000000000000000000000000000000000000000000000000000000000000000000000000000000000000000000000000000000000000000000000000000000000000000000000000000000000000000000000000000000000000000000000000000000000000000000000000000000000000000000000000000000000000010778C31FB2E5EBCF8E3A953A7FE3376EC58337AF4685A1CB43163C698499326ADB12D85B8A21157C4157105A0D89438274F9E6C727373CDD6AD5B6971D456AF5E6D264E9CB8DE26D25AC4158DB822AE882B00C5A21E328933AE13E856DB739E435CD1882BE28AB802502C9A0A2149C577B3C9733B714523AE882BE20A40B168BD05092AEE93A721AE68C41571455C0128D5E4B9E9AF156671F640337B4C27D7F4B11E23B9913C892BE28AB8A251EC01099E3C37AE5B6E7EF9BABDF9E9CB96F99A1ED3732438922771455C1157348A3D208193E7B2D9C3774A9CBEFD317B04098EE4495C1157C4158D620F48E4E43967FC4B85264F3D478223791257C4157145A3D803123879FE32BA63A1C953CF91E0489EC41571455CD1C250ECD5AD5BF7A8E4E4E407AC1EB68DB76D996D26D056D836C55ED3DF5EDBD87E5C854AA38474ECD8B162666666E78C8C8C69EDDBB75F9D9696B6EDC1071F8CBCF84D9A34D9D1AA55AB759D3A759AD9A74F9F7EEDDAB53B95578DE449F224AE882BE28A465CED8E3A75EA54B705DCE7B6A6D81C55DCFD57DBAEE2CFB606D5AA55DB97AAA318BA74E9726B870E1D7E4C4949F9D7167966E8D0A166D6AC59EE74F51D3B76186FEDDAB566EEDCB9E6ABAFBE323D7BF634BADE167FCBECDF6912F6177F7792A776B315963CF51C098EE4495C1157C415AD3C167BB648BBCCB6EC22167885B5391AEDA37ADB4D2D5AB4A8D2A64D9B998D1B37FEF7E38F3F76C55C516CDBB6CD6465659976EDDAFD9B9696B6323535F56E8ABDC2DB82ACD70B4D9E7A8E0447F224AE882BE28A56DE8A3D5B9875CD1B998B146C9A35ECDAB5AB51ED317BF66CB362C50AB379F3E6486DA1C1A6F9F3E79BCF3EFBCC5D57BF7EFD828ABE51F6EB54A69ADB85F6EDDBA7376AD468FBBBEFBE6BFEFEFB6FB3A7B2B3B38D2DF6B6356DDA7468EDDAB52B50ECEDDCD62E9F657EF9A6C3CE5322F6313D478223791257C41571452B2FC59E6A81BCF5789102AD418306E6FDF7DF77C55C51A84ED1AC638B162DF2157CC9C9C9EBEC9FD5A8EA0AD0BA75EB7ECD9B37DF317DFA745392366CD860323333B7D95F668EFD2557A2D8DBB92D993668A7E4A9C7486E244FE28AB822AE68E5A5D8CB2BF426070B332D13D308DE9ED0D2B29123479AE07E02DB36DA568BEA2EAAD04B4F4FFFA7A85575510C1932E49F949494F5F6977D1AC55EA06DD962167CD777E72911FB989E23C1913C892BE28AB8A29587622F7A444FD3B5C13D007B6AF9F2E5A665CB96C1826F737272720DAABCBCA95B8DE89566A1E70D1B366C8B2DF896876584EFBF92A74E9C9F9FD5BBD035307A8E53E9499EC41571455CD112BDD8CB5BA31729C4A64E9D5A2A7586D6F8693D5F7084CF7EEFB3425DE8693386D6E8CD9C39D39495C18307E7D4AB576F781876EA169A3C6D0F78C58271E6E7AF9E2B3471FAA66B742DBD66922771455C1157C455828EE85D16DC8CA111BDD2A4CD1C5DBA74C9773E9FCEF00BF3F4EDCFDA8C51D69E78E2899CE4E4E4F430167BFFD53BA6D74CF224AE882BE28A569E8A3D7BBFFF31B846AF24A76E77B55F20353535B869E39550167A3A474FC7AB94C4AEDB62CCABEFA857AFDE9FE5BDD22E2879EE4EEF7857BD66121EC993B822AE882BE22A51E8C0E4E0AEDB3DDD8C5114DA701AB561A34AE88A3D1D98ACB36A62A55BB76EB335871FB662AFB889D337121EC993B822AE882BE22A81A67047F8824BC7AB9435BDD943A0E0EB11AA424F6F81A677BA28EA81C9253CBA976B8BBD35E579EDDEEE1E654023791257C41571452B6F71A5D93BFF16683A16A52C3682465BB46851BEF3F71A3468503134C55EDFBE7DBB6ADE3CD69A356B36CF06C3B5147B34922771455C1157B4F21557B6B87AC0175ADA211B2BC143976DCD513334C55E4646C6B4112346C4BCD8EBD5AB5756224EE5DA9F79F4EE14A9244F922771455C1157B4B0C695A64DCB6A07EEAE7CF8E187E1DCA8D1BE7DFBD5B366CD8A79B13775EAD4993A643101D720F81EC2681B3855499E244FE28A465CD188AB9DAE891CA23C77EEDC58D61AC191BDD1A129F6D2D2D2B6C562EE3CDACA952B57E8FC9B442DF6826FBC5C500F87E449F224AE882BE28A16D6B8B28F2DF3CF97E52EDC68BFFFFE7BBE33F74253EC69A164599C73B33BF4E29783622FD26308063BC993E4495C1157C4152DAC71157C5CEF6C112B3A6439F8B384A6D8D33F365E94A7622FD8C3D1B036C993E4495C1157C4152DAC7115FC3C1E6A8DD0157BF136B2575E5BAC92A7B69AF7EFDFDFAC5EBDBAC0E7D5C35AB87061BEC7860D1B66860F1FBED3B5BFFDF69B1932648859BF7E7D917E067D7DFD0C6BD6ACF9CF6B57AD5A65264E9CB85BD7967423AE8AD766CC9861B694E25B6265656599575F7DB5D0E7E7CC99633EFFFCF3C8CFF2C71F7FB89FE7FBEFBF77F114EBD787B8DAB3F6F5D75FBB56D8F33A36EC8D37DE706F7C4F5C254663642FC46BF66C3192534ED6ECF9966D7BC835FCD981B14A9EDF7CF38D82D9CC9B37AFC0E7B50DFDD0430F357DFBF635F5EBD7378F3CF28839E9A493CCC9279FEC3ED629E7A3468D72D76AD7B6BED69F7FFE69EEBFFF7EB3DF7EFB99030E38C0B5FDF7DFDF5C70C105EEBA254B9698091326982953A6B8A684AABF3774E8D0C8637A5ED745FF3C5F7CF185BB5609959E72FCC655B0383FF0C0034DC78E1DDDE737DC7083A95AB5AA6B975C7249E4F1679E79C69C75D659E69C73CE71B175F6D9679BC30E3BCC1C7EF8E19176C8218798EFBEFBCEC5477A7ABADE4AD135FD3DC544D3A64D238FE9795DABAFADD8AD58B1A2FB58B1FBE28B2FBA8F1593EA9C3002937871959393E38AAB952B579ADB6FBFDD54AF5EDD3DB674E95257D83DF7DC7366E3C68DEE5A5DA7F8D0C2FB01030698E38E3BCEC5816FC71F7FBC69DDBA357115E3B862CD5E8CB56DDB76CDECD9B3E36537EEE47250ECE54B9AB1580373FAE9A79B33CF3CD39C7BEEB9E6C4134F7409CD7F7EC61967B81BAEBF56857EBD7AF54CE3C68DCDBDF7DEEB6ED6C71C738C39FAE8A3DDC7D75D779DF9F1C71FCDA44993CCE38F3FEEBE968AB79A356B9A534F3DD53CF4D043AEE9C67EF9E597BBAFA984ABC2EFA28B2E7289567FAA9D7FFEF9A672E5CAEE633DFFD65B6FEDF4B36B0450DF63CC983124CF388BAB82DA638F3DE66E888A8F75EBD6994E9D3A990E1D3A983A75EAB8DF63F3E6CDDD75E3C68D338D1A3572055EBF7EFD5C0CE8DF55BB766D17AFBE43F0C30F3F980F3EF8C0ECB5D75EEE7AB57BEEB9C7C5A3FDF7471EDB7BEFBDDD09FC1A056ED8B0A1A950A1823B524171DEA3470FF73D0F3EF860A377069A3C79B2D18903DC941327AE5AB56AE53A05A79C728AEB04A8E9E3238F3CD2752E55A0F951B6975F7ED9C58ECE8B5551A758501EF14D459B3A97C4556CE38ADDB831A673F6468E1C1917E7EC25E2DB9704827B8A0E682CEC5D40CA3279EA86FACA2BAFB88F553429116A0A569FAB777AD45147B98F3FFAE82337E2A2D13D9D7BF4F0C30FBB7F8B7AB1279C7082FBF8BEFBEE73D7E966AEEBF4B55E7BED3557EC29013EFAE8A3AE5D79E595E6B2CB2ECBF77328C11E74D041EEE6AECFDBB56BE7BEF7B7DF7E5BE8CFDEB2654BF73DDE7EFB6D92679CC555741B346890BB796AE44531A7226FD3A64D6EE4459F6BC4F8CB2FBF74D7FEF5D75FEEA6AB9BAB4603AFB8E20A170BFA5C31A28E837EEFD9D9D946EFD1AD9BFD8D37DE686EBEF966D789D073D75C738DFBFCA69B6E7237758DEC68B458A3CCBA01AB60544CEA6B6B94468FA5A4A4B811E8DEBD7B73534E90B8FAE9A79F5CCEF9F4D34F5DBBFAEAAB5D0C2857A918BBE5965B5CE1366DDA34D73950E1A7F8D0BFEBA9A79E32FBEEBBAFB9F8E28B5D53A7421D56754488ABD8C6957DAE773C9CB3A7EF1DF8797B87A6D8CBCCCCECD9A54B9798177BE9E9E9BFD817BE5A02167B05F68C635DECA9F7AB3F959894D0D433F68FFB62AF4D9B36AEA7ACE795E494EC345D126C4A82CF3EFBACBB5E9D025D3B70E04015E7AE38D434AF9A3ED6D7F03FC3279F7CE2467C9420E7CF9FEF1E9B3973A64BC0BAB9AB60D4BA8DE89FFDEEBBEF76DFA356AD5A614F9E711757D14D3741FD8EF5FBD2A8B146EF3485A61B72B366CDCCB5D75E1B19DDEBDCB9B3FB584D859D6EB49AE26DDBB6ADFB582324BED8D3D75607A24A952A2EF63472ACE7D2D2D2DCE77A5C3778FF73BCF9E69B2E8E172C58E06ECA1A015222F7B1EF4717B92927465C056365574D9D0B5DEF8B3D2D0DE8DEBD7BE4F9264D9AB8424EB9CF4FF91257B18B2B5B04A6C4C33B6868402150ECD50A4DB167FFE195EC8DFA5FF57A6278C69EDE1B77932D1A0E2CAFAF7359177B9A46D308CBD34F3FED12D34B2FBDE43ED7D4852FF6D4D43BD6F35A0BA31BB48A41ADC152D3C74A76BACE0F7DFB44AA047AC41147E46BFABE2FBCF082DBE0A16BEEBCF34E37DAA722525FA3468D1A6E2D97460BF57CF4BA176DE4D0F7D4355A1753D405D7BCAD55D937256D15EF9AEAD70D5523BE1ACDD3061B6D0AD2F35AEBA9825F859DE2446BA754F4177403D773FE06AE25005A377AC71D7744466EF4B90A4A7F53D6F7D52633BF54217ABA4DCB13585B955871A50D171AFDD5689C66051433952A5572EB8F9513C68E1D1B795ED72A9FF99CA4E524975E7AA9CB23EA702A0729E7F9AF4D5CC58E7D3D2B07DF1B77C3860DB15EAFB759EFD79B1426B657B350536EB1F2FAEBAF4FB3BD82FEE5F9352EEB624FEBF0B476CE4F8B6A5D8B3ED71AA9C28A3D2D4ED69A3ABF0EEFFAEBAF8F5CAB2914DDD493F216426BAD960A3B254C4D9568DA45532BDAB5A6113B1596FA53059DFE8E8A00FDA9F52F7EC76FF40E4E4D8D680A46A33C4ADCFA1E24CFF8BD296BDD9246F1B4AE496B439F7CF24937AD1B5DC0F9DDDEEFBCF38E9BB655C75271A238D2E8C885175EE83ED6C278DDBCFD4D59B1A83F7DE740F1117C5CD7A5A6A6BAE77403D6F28082D65695E64E61E2AAE49BF2867E6F9A7EF5D3ACFA793473A0F5C4EA886AAAD72F0DD1B2135DA7F5A2BA892BF7DD75D75D2EAEF6D9671FB7DC2058EC1157311D018CACDBD36B58D6B4942450EC0D4C0A1BFB9FA8AEBD99FF138B23586CE2DF6EFF73FEA9AA9F62AF649A0A25DD74B5A644C94E494B37657DAE3FD5538E2EF6B4F645FF01D4835661A6E6D755E9BA65CB96B9E35874AD8E5ED1889D16306B0D8B6EF6E79D779E9B9E2BE84802256BFD3D158FBB3A06413F9B8A4C7DAEC5D6FAD90B3A0286E4191F37652D62D77A2AEDE2D694AC62493BB7FBF4E9E37EDF5A6FA5513EADD7D3F59AFE5731AF9BB3E24571AA115C3F2AA39BF8E0C1832337E5D34E3BCD7D5D2D9CD7351AA5D6E78A337F53D642EF9E3D7B4646A00BBA296B5A50F1C44D3931E24A1D4BFDBED581507CF818512756CB45B49ED71FFFA40E86A673F5FCF4E9D35D5ED2F214BF565953B3EA5C048B3DE22A768253B99A3E2FCB2358342AAC1145FFFD6DDD71515218D9177EA5761795B58C8C8C596158245996C953A3773AC2249010221B3434B5A180F7D76A3445CF6BC445C5988A443F8DAB1B737014D0AFD9D3EE6D5DA7DDB5FA5A5AAFA55143DDE4FDDA187F2E9F76BAF9AFEF47F87EFDF5D77C3FAF8A043D7FECB1C7BA6314FC827E8D182AB19655C1C74DB9E823301AB5D3F49AA66BB5F3518F6B2A56BF6B1DAF105C87A54E816EDC5A4BA52250C5A046557404863ED6E8F0E2C58BDDF5BA11EB46ABC5F89AD6F79D057DAEC783D3687E6D95BF29AB13A2EFE76FCA2A08B4AC819B7262C4957280A66F954B9417347BA073F6B4F9C7EF00D77A507DAC69397544151FCA13CA4BDA5CA142C277228267F41157B1957704CBCFBEE0D2EFAAACF8915F357B5FFA3C29AC6C02BE253535759BD64194951933662CB095FE425B9C54A0D82BD58450E099766AFE381515615AB7A20D19BA816BB85B6B5D346DA2EBC68F1FEF929DAED5827A2D86F6D32CEA81AB37AEE4A724AD6BB5B94323733AE645233AEA5D6BE79A7668EAEFA850D4B4AF0A0415004AEA2AFAA20F71562F5C237E9A862679C6D74D593B1BFD54ADE2E4B6DB6E731B6BB446538F297EB4A3313333D3B5E79F7FDEDD9CD5315027404957536DBAA1FA246C3B7FEE6BABE3A90D1FFEE3600CEBDFECCF42D39F1A5954A744A3CC5A6AA01BBECD2BAEB8541C6A2451EB05B92927465C059B3A80CA21CA2D5A92A2224EB9225864E92C3EC587D6EB69F4EFAAABAE8A1CC5A25302943FB40991B88ABFD13D0D1628CF97360D5404A66FB7DBFC735E5298356DDAF4935EBD7A6D2F8BE9DC9C9C9CBF357D6BFFD3560FC36B1BABE4A969352547BF2336BA693D8A7AB05A7FA2824DFF19F4B8A6303425E20FC5D57A2B9DD1A751432D7AD6B4AB7ADA3A2B4F45A2CEE8BBF5D65BDD148BA653D46BD62862F4BA162DDC5781A7E30F9450354AA88D1BDAF156D8A1BD4AEC3ACD9EE4195F3765AD9BD208871F35D6BA5F8DBAE8881EDF74A37CEFBDF7F2FD3DADDB542723789DBF564561F4F7D1D75541183D22ACA678D3796CDA5CA4F55BDDBA758BAC11D4CE4CC5AAE253A33FDC9413AFD8D36C81F283F285CEFD5491A5DDFFC1F3ED54AC69044F85984E09508EF26B833578A1F577EA80125771B5766F842FBE745C4E696E10D5BD2A387D6B5BD3A4B0D3106BC3860D970C1A34685B69167AB9B9B93BEC7FD81CFB9FB345585E5BDE6B92F79A24AE882BE28A46B19794640BF24AB6E85AED0B308DBCEA6DCC4AA3D053E720D49B327631C47A54FDFAF5D7DA1EFBD6D21AD1CB2BF4BA86E9752579923C892BE28AB8A251ECFDBFE4E4E4AAB6ADF38598D6D469377E494EDD468DE88D0AC392B122D1CED8949494E503060C5859D26BF434751BA6113D9227C993B822AE882B1A7155E0E0524D7FF69E9A46E1740CD39EEEBAD50EEDA8B76FA3D0DBD5089F2DCC866B97EED2A54BB7ECE9F12ADA75ABCD186159A347F22479125734E28A465CED9A6A025B8C6D0C1667DADD5FD4F7CFD5E62F6D2C8C1ACD7353B7147ABB37D49A6E8BBE559D3B77FE79D1A245451AE9D33B63646666666B34CFBEE07DC3FC82933C499EC41571455CD128F60A1C5C3ACBD608CBA28A34B7E14BA73668E7B43682F9757DFA53C59D4601F55EB77ABBBBE8BFAB5DB76CC628221569F645EBA85F4693264DE675EFDE7DCAF8F1E367D8177B69B0B85BBB76ED2AFBE2CFECD5AB5796DEEB566F81A677C628EF0726933C499EC4158DB8A211577B5667682D7FF4285F719ACED10BFDF12A2530D25735AFF01B65DB92BCEAD9BFC82B6C9B625B0FDBAA95E7F7BA2579923C892B1A714523AE4A56DE7BE86604376FEC66D3DABF81A17D670C903C69DC9469C41571455C25120D16E5ADE7EB9137B8143DCDBBA26EDDBAA3F50E5CB6307C40FB0CA83440F2A47153A61157C415710580E449F224AE68C41571455C012079923C892B1A714523AE00903C499EC4158DB8A2115700C51E8DE4495C1157C4158D620F487463C78E2541C577DB6C93E776E28A465C1157C4158062993469D28ADCDC5C92549CB6E5CB97FF8F4D9E73882B1A71455C1157008A65DCB871F74C9830E1AF55AB56FD2FC92ABE7AC84A9C63C68C596A5B2DE28A465C1157C4158062B3FF396BD8DE58B686DFB5DE8216174DBF8B39899C38892BE28AB822AE0000000000000000000000000000000000000000000000000000000000000000001062FF07D670457322E5D3100000000049454E44AE426082,
        1);
COMMIT;

-- ----------------------------
-- Table structure for ACT_GE_PROPERTY
-- ----------------------------
DROP TABLE IF EXISTS `ACT_GE_PROPERTY`;
CREATE TABLE `ACT_GE_PROPERTY`
(
    `NAME_`  varchar(64) COLLATE utf8_bin NOT NULL,
    `VALUE_` varchar(300) COLLATE utf8_bin DEFAULT NULL,
    `REV_`   int(11)                       DEFAULT NULL,
    PRIMARY KEY (`NAME_`)
) ENGINE = InnoDB
  DEFAULT CHARSET = utf8mb4
  COLLATE = utf8mb4_general_ci;

-- ----------------------------
-- Records of ACT_GE_PROPERTY
-- ----------------------------
BEGIN;
INSERT INTO `ACT_GE_PROPERTY`
VALUES ('batch.schema.version', '6.5.1.6', 1);
INSERT INTO `ACT_GE_PROPERTY`
VALUES ('cfg.execution-related-entities-count', 'true', 1);
INSERT INTO `ACT_GE_PROPERTY`
VALUES ('cfg.task-related-entities-count', 'true', 1);
INSERT INTO `ACT_GE_PROPERTY`
VALUES ('common.schema.version', '6.5.1.6', 1);
INSERT INTO `ACT_GE_PROPERTY`
VALUES ('entitylink.schema.version', '6.5.1.6', 1);
INSERT INTO `ACT_GE_PROPERTY`
VALUES ('eventsubscription.schema.version', '6.5.1.6', 1);
INSERT INTO `ACT_GE_PROPERTY`
VALUES ('identitylink.schema.version', '6.5.1.6', 1);
INSERT INTO `ACT_GE_PROPERTY`
VALUES ('job.schema.version', '6.5.1.6', 1);
INSERT INTO `ACT_GE_PROPERTY`
VALUES ('next.dbid', '1', 1);
INSERT INTO `ACT_GE_PROPERTY`
VALUES ('schema.history', 'create(6.5.1.6)', 1);
INSERT INTO `ACT_GE_PROPERTY`
VALUES ('schema.version', '6.5.1.6', 1);
INSERT INTO `ACT_GE_PROPERTY`
VALUES ('task.schema.version', '6.5.1.6', 1);
INSERT INTO `ACT_GE_PROPERTY`
VALUES ('variable.schema.version', '6.5.1.6', 1);
COMMIT;

-- ----------------------------
-- Table structure for ACT_HI_ACTINST
-- ----------------------------
DROP TABLE IF EXISTS `ACT_HI_ACTINST`;
CREATE TABLE `ACT_HI_ACTINST`
(
    `ID_`                varchar(64) COLLATE utf8_bin  NOT NULL,
    `REV_`               int(11)                        DEFAULT '1',
    `PROC_DEF_ID_`       varchar(64) COLLATE utf8_bin  NOT NULL,
    `PROC_INST_ID_`      varchar(64) COLLATE utf8_bin  NOT NULL,
    `EXECUTION_ID_`      varchar(64) COLLATE utf8_bin  NOT NULL,
    `ACT_ID_`            varchar(255) COLLATE utf8_bin NOT NULL,
    `TASK_ID_`           varchar(64) COLLATE utf8_bin   DEFAULT NULL,
    `CALL_PROC_INST_ID_` varchar(64) COLLATE utf8_bin   DEFAULT NULL,
    `ACT_NAME_`          varchar(255) COLLATE utf8_bin  DEFAULT NULL,
    `ACT_TYPE_`          varchar(255) COLLATE utf8_bin NOT NULL,
    `ASSIGNEE_`          varchar(255) COLLATE utf8_bin  DEFAULT NULL,
    `START_TIME_`        datetime(3)                   NOT NULL,
    `END_TIME_`          datetime(3)                    DEFAULT NULL,
    `TRANSACTION_ORDER_` int(11)                        DEFAULT NULL,
    `DURATION_`          bigint(20)                     DEFAULT NULL,
    `DELETE_REASON_`     varchar(4000) COLLATE utf8_bin DEFAULT NULL,
    `TENANT_ID_`         varchar(255) COLLATE utf8_bin  DEFAULT '',
    PRIMARY KEY (`ID_`),
    KEY `ACT_IDX_HI_ACT_INST_START` (`START_TIME_`),
    KEY `ACT_IDX_HI_ACT_INST_END` (`END_TIME_`),
    KEY `ACT_IDX_HI_ACT_INST_PROCINST` (`PROC_INST_ID_`, `ACT_ID_`),
    KEY `ACT_IDX_HI_ACT_INST_EXEC` (`EXECUTION_ID_`, `ACT_ID_`)
) ENGINE = InnoDB
  DEFAULT CHARSET = utf8mb4
  COLLATE = utf8mb4_general_ci;

-- ----------------------------
-- Records of ACT_HI_ACTINST
-- ----------------------------
BEGIN;
INSERT INTO `ACT_HI_ACTINST`
VALUES ('0fe24a27-39c9-11eb-b5e7-acde48001122', 1, 'leave:1:70ccd85f-39c7-11eb-b98a-acde48001122',
        'c8bd3efa-39c8-11eb-b5e7-acde48001122', 'c8be5071-39c8-11eb-b5e7-acde48001122', 'flow3', NULL, NULL, NULL,
        'sequenceFlow', NULL, '2020-12-09 10:48:48.263', '2020-12-09 10:48:48.263', 1, 0, NULL, '');
INSERT INTO `ACT_HI_ACTINST`
VALUES ('0fe30d78-39c9-11eb-b5e7-acde48001122', 3, 'leave:1:70ccd85f-39c7-11eb-b98a-acde48001122',
        'c8bd3efa-39c8-11eb-b5e7-acde48001122', 'c8be5071-39c8-11eb-b5e7-acde48001122', 'bossApprove',
        '0fe33489-39c9-11eb-b5e7-acde48001122', NULL, '老板审批', 'userTask', 'admin', '2020-12-09 10:48:48.268',
        '2020-12-09 10:49:00.080', 2, 11812, NULL, '');
INSERT INTO `ACT_HI_ACTINST`
VALUES ('16ee2f10-39c9-11eb-b5e7-acde48001122', 1, 'leave:1:70ccd85f-39c7-11eb-b98a-acde48001122',
        'c8bd3efa-39c8-11eb-b5e7-acde48001122', 'c8be5071-39c8-11eb-b5e7-acde48001122', 'flow4', NULL, NULL, NULL,
        'sequenceFlow', NULL, '2020-12-09 10:49:00.085', '2020-12-09 10:49:00.085', 1, 0, NULL, '');
INSERT INTO `ACT_HI_ACTINST`
VALUES ('16eecb51-39c9-11eb-b5e7-acde48001122', 1, 'leave:1:70ccd85f-39c7-11eb-b98a-acde48001122',
        'c8bd3efa-39c8-11eb-b5e7-acde48001122', 'c8be5071-39c8-11eb-b5e7-acde48001122', 'end', NULL, NULL, 'End',
        'endEvent', NULL, '2020-12-09 10:49:00.089', '2020-12-09 10:49:00.092', 2, 3, NULL, '');
INSERT INTO `ACT_HI_ACTINST`
VALUES ('c8be5072-39c8-11eb-b5e7-acde48001122', 1, 'leave:1:70ccd85f-39c7-11eb-b98a-acde48001122',
        'c8bd3efa-39c8-11eb-b5e7-acde48001122', 'c8be5071-39c8-11eb-b5e7-acde48001122', 'start', NULL, NULL, 'Start',
        'startEvent', NULL, '2020-12-09 10:46:48.909', '2020-12-09 10:46:48.915', 1, 6, NULL, '');
INSERT INTO `ACT_HI_ACTINST`
VALUES ('c8bfd713-39c8-11eb-b5e7-acde48001122', 1, 'leave:1:70ccd85f-39c7-11eb-b98a-acde48001122',
        'c8bd3efa-39c8-11eb-b5e7-acde48001122', 'c8be5071-39c8-11eb-b5e7-acde48001122', 'flow1', NULL, NULL, NULL,
        'sequenceFlow', NULL, '2020-12-09 10:46:48.919', '2020-12-09 10:46:48.919', 2, 0, NULL, '');
INSERT INTO `ACT_HI_ACTINST`
VALUES ('c8bfd714-39c8-11eb-b5e7-acde48001122', 3, 'leave:1:70ccd85f-39c7-11eb-b98a-acde48001122',
        'c8bd3efa-39c8-11eb-b5e7-acde48001122', 'c8be5071-39c8-11eb-b5e7-acde48001122', '__initiator__',
        'c8c0e885-39c8-11eb-b5e7-acde48001122', NULL, '申请提交人', 'userTask', 'monezhao', '2020-12-09 10:46:48.919',
        '2020-12-09 10:46:49.195', 3, 276, NULL, '');
INSERT INTO `ACT_HI_ACTINST`
VALUES ('c8eadebb-39c8-11eb-b5e7-acde48001122', 1, 'leave:1:70ccd85f-39c7-11eb-b98a-acde48001122',
        'c8bd3efa-39c8-11eb-b5e7-acde48001122', 'c8be5071-39c8-11eb-b5e7-acde48001122', 'flow2', NULL, NULL, NULL,
        'sequenceFlow', NULL, '2020-12-09 10:46:49.201', '2020-12-09 10:46:49.201', 1, 0, NULL, '');
INSERT INTO `ACT_HI_ACTINST`
VALUES ('c8eb53ec-39c8-11eb-b5e7-acde48001122', 3, 'leave:1:70ccd85f-39c7-11eb-b98a-acde48001122',
        'c8bd3efa-39c8-11eb-b5e7-acde48001122', 'c8be5071-39c8-11eb-b5e7-acde48001122', 'managerApprove',
        'c8eb7afd-39c8-11eb-b5e7-acde48001122', NULL, '经理审批', 'userTask', 'admin', '2020-12-09 10:46:49.204',
        '2020-12-09 10:48:48.260', 2, 119056, NULL, '');
COMMIT;

-- ----------------------------
-- Table structure for ACT_HI_ATTACHMENT
-- ----------------------------
DROP TABLE IF EXISTS `ACT_HI_ATTACHMENT`;
CREATE TABLE `ACT_HI_ATTACHMENT`
(
    `ID_`           varchar(64) COLLATE utf8_bin NOT NULL,
    `REV_`          int(11)                        DEFAULT NULL,
    `USER_ID_`      varchar(255) COLLATE utf8_bin  DEFAULT NULL,
    `NAME_`         varchar(255) COLLATE utf8_bin  DEFAULT NULL,
    `DESCRIPTION_`  varchar(4000) COLLATE utf8_bin DEFAULT NULL,
    `TYPE_`         varchar(255) COLLATE utf8_bin  DEFAULT NULL,
    `TASK_ID_`      varchar(64) COLLATE utf8_bin   DEFAULT NULL,
    `PROC_INST_ID_` varchar(64) COLLATE utf8_bin   DEFAULT NULL,
    `URL_`          varchar(4000) COLLATE utf8_bin DEFAULT NULL,
    `CONTENT_ID_`   varchar(64) COLLATE utf8_bin   DEFAULT NULL,
    `TIME_`         datetime(3)                    DEFAULT NULL,
    PRIMARY KEY (`ID_`)
) ENGINE = InnoDB
  DEFAULT CHARSET = utf8mb4
  COLLATE = utf8mb4_general_ci;

-- ----------------------------
-- Records of ACT_HI_ATTACHMENT
-- ----------------------------


-- ----------------------------
-- Table structure for ACT_HI_COMMENT
-- ----------------------------
DROP TABLE IF EXISTS `ACT_HI_COMMENT`;
CREATE TABLE `ACT_HI_COMMENT`
(
    `ID_`           varchar(64) COLLATE utf8_bin NOT NULL,
    `TYPE_`         varchar(255) COLLATE utf8_bin  DEFAULT NULL,
    `TIME_`         datetime(3)                  NOT NULL,
    `USER_ID_`      varchar(255) COLLATE utf8_bin  DEFAULT NULL,
    `TASK_ID_`      varchar(64) COLLATE utf8_bin   DEFAULT NULL,
    `PROC_INST_ID_` varchar(64) COLLATE utf8_bin   DEFAULT NULL,
    `ACTION_`       varchar(255) COLLATE utf8_bin  DEFAULT NULL,
    `MESSAGE_`      varchar(4000) COLLATE utf8_bin DEFAULT NULL,
    `FULL_MSG_`     longblob,
    PRIMARY KEY (`ID_`)
) ENGINE = InnoDB
  DEFAULT CHARSET = utf8mb4
  COLLATE = utf8mb4_general_ci;

-- ----------------------------
-- Records of ACT_HI_COMMENT
-- ----------------------------
BEGIN;
INSERT INTO `ACT_HI_COMMENT`
VALUES ('0fdb6c55-39c9-11eb-b5e7-acde48001122', 'WC', '2020-12-09 10:48:48.218', 'admin',
        'c8eb7afd-39c8-11eb-b5e7-acde48001122', 'c8bd3efa-39c8-11eb-b5e7-acde48001122', 'AddComment', '同意',
        0xE5908CE6848F);
INSERT INTO `ACT_HI_COMMENT`
VALUES ('13b91bbb-39c9-11eb-b5e7-acde48001122', 'RL', '2020-12-09 10:48:54.704', 'admin',
        '0fe33489-39c9-11eb-b5e7-acde48001122', 'c8bd3efa-39c8-11eb-b5e7-acde48001122', 'AddComment', '认领',
        0xE8AEA4E9A286);
INSERT INTO `ACT_HI_COMMENT`
VALUES ('13be4bdd-39c9-11eb-b5e7-acde48001122', 'event', '2020-12-09 10:48:54.738', 'admin',
        '0fe33489-39c9-11eb-b5e7-acde48001122', NULL, 'AddUserLink', 'admin_|_assignee', NULL);
INSERT INTO `ACT_HI_COMMENT`
VALUES ('16e6b4fe-39c9-11eb-b5e7-acde48001122', 'WC', '2020-12-09 10:49:00.036', 'admin',
        '0fe33489-39c9-11eb-b5e7-acde48001122', 'c8bd3efa-39c8-11eb-b5e7-acde48001122', 'AddComment', '同意',
        0xE5908CE6848F);
INSERT INTO `ACT_HI_COMMENT`
VALUES ('c8d49796-39c8-11eb-b5e7-acde48001122', 'TJ', '2020-12-09 10:46:49.055', 'monezhao',
        'c8c0e885-39c8-11eb-b5e7-acde48001122', 'c8bd3efa-39c8-11eb-b5e7-acde48001122', 'AddComment', '提交',
        0xE68F90E4BAA4);
INSERT INTO `ACT_HI_COMMENT`
VALUES ('c8da8b09-39c8-11eb-b5e7-acde48001122', 'event', '2020-12-09 10:46:49.094', 'monezhao',
        'c8c0e885-39c8-11eb-b5e7-acde48001122', NULL, 'AddUserLink', 'monezhao_|_assignee', NULL);
INSERT INTO `ACT_HI_COMMENT`
VALUES ('c8f984c0-39c8-11eb-b5e7-acde48001122', 'CC', '2020-12-09 10:46:49.297', 'monezhao',
        'c8c0e885-39c8-11eb-b5e7-acde48001122', 'c8bd3efa-39c8-11eb-b5e7-acde48001122', 'AddCcTo', 'monezhao[monezhao]',
        0x6D6F6E657A68616F5B6D6F6E657A68616F5D);
INSERT INTO `ACT_HI_COMMENT`
VALUES ('fe0980c1-39c8-11eb-b5e7-acde48001122', 'RL', '2020-12-09 10:48:18.320', 'admin',
        'c8eb7afd-39c8-11eb-b5e7-acde48001122', 'c8bd3efa-39c8-11eb-b5e7-acde48001122', 'AddComment', '认领',
        0xE8AEA4E9A286);
INSERT INTO `ACT_HI_COMMENT`
VALUES ('fe0f4d24-39c8-11eb-b5e7-acde48001122', 'event', '2020-12-09 10:48:18.359', 'admin',
        'c8eb7afd-39c8-11eb-b5e7-acde48001122', NULL, 'AddUserLink', 'admin_|_assignee', NULL);
COMMIT;

-- ----------------------------
-- Table structure for ACT_HI_DETAIL
-- ----------------------------
DROP TABLE IF EXISTS `ACT_HI_DETAIL`;
CREATE TABLE `ACT_HI_DETAIL`
(
    `ID_`           varchar(64) COLLATE utf8_bin  NOT NULL,
    `TYPE_`         varchar(255) COLLATE utf8_bin NOT NULL,
    `PROC_INST_ID_` varchar(64) COLLATE utf8_bin   DEFAULT NULL,
    `EXECUTION_ID_` varchar(64) COLLATE utf8_bin   DEFAULT NULL,
    `TASK_ID_`      varchar(64) COLLATE utf8_bin   DEFAULT NULL,
    `ACT_INST_ID_`  varchar(64) COLLATE utf8_bin   DEFAULT NULL,
    `NAME_`         varchar(255) COLLATE utf8_bin NOT NULL,
    `VAR_TYPE_`     varchar(255) COLLATE utf8_bin  DEFAULT NULL,
    `REV_`          int(11)                        DEFAULT NULL,
    `TIME_`         datetime(3)                   NOT NULL,
    `BYTEARRAY_ID_` varchar(64) COLLATE utf8_bin   DEFAULT NULL,
    `DOUBLE_`       double                         DEFAULT NULL,
    `LONG_`         bigint(20)                     DEFAULT NULL,
    `TEXT_`         varchar(4000) COLLATE utf8_bin DEFAULT NULL,
    `TEXT2_`        varchar(4000) COLLATE utf8_bin DEFAULT NULL,
    PRIMARY KEY (`ID_`),
    KEY `ACT_IDX_HI_DETAIL_PROC_INST` (`PROC_INST_ID_`),
    KEY `ACT_IDX_HI_DETAIL_ACT_INST` (`ACT_INST_ID_`),
    KEY `ACT_IDX_HI_DETAIL_TIME` (`TIME_`),
    KEY `ACT_IDX_HI_DETAIL_NAME` (`NAME_`),
    KEY `ACT_IDX_HI_DETAIL_TASK_ID` (`TASK_ID_`)
) ENGINE = InnoDB
  DEFAULT CHARSET = utf8mb4
  COLLATE = utf8mb4_general_ci;

-- ----------------------------
-- Records of ACT_HI_DETAIL
-- ----------------------------


-- ----------------------------
-- Table structure for ACT_HI_ENTITYLINK
-- ----------------------------
DROP TABLE IF EXISTS `ACT_HI_ENTITYLINK`;
CREATE TABLE `ACT_HI_ENTITYLINK`
(
    `ID_`                      varchar(64) COLLATE utf8_bin NOT NULL,
    `LINK_TYPE_`               varchar(255) COLLATE utf8_bin DEFAULT NULL,
    `CREATE_TIME_`             datetime(3)                   DEFAULT NULL,
    `SCOPE_ID_`                varchar(255) COLLATE utf8_bin DEFAULT NULL,
    `SUB_SCOPE_ID_`            varchar(255) COLLATE utf8_bin DEFAULT NULL,
    `SCOPE_TYPE_`              varchar(255) COLLATE utf8_bin DEFAULT NULL,
    `SCOPE_DEFINITION_ID_`     varchar(255) COLLATE utf8_bin DEFAULT NULL,
    `PARENT_ELEMENT_ID_`       varchar(255) COLLATE utf8_bin DEFAULT NULL,
    `REF_SCOPE_ID_`            varchar(255) COLLATE utf8_bin DEFAULT NULL,
    `REF_SCOPE_TYPE_`          varchar(255) COLLATE utf8_bin DEFAULT NULL,
    `REF_SCOPE_DEFINITION_ID_` varchar(255) COLLATE utf8_bin DEFAULT NULL,
    `ROOT_SCOPE_ID_`           varchar(255) COLLATE utf8_bin DEFAULT NULL,
    `ROOT_SCOPE_TYPE_`         varchar(255) COLLATE utf8_bin DEFAULT NULL,
    `HIERARCHY_TYPE_`          varchar(255) COLLATE utf8_bin DEFAULT NULL,
    PRIMARY KEY (`ID_`),
    KEY `ACT_IDX_HI_ENT_LNK_SCOPE` (`SCOPE_ID_`, `SCOPE_TYPE_`, `LINK_TYPE_`),
    KEY `ACT_IDX_HI_ENT_LNK_ROOT_SCOPE` (`ROOT_SCOPE_ID_`, `ROOT_SCOPE_TYPE_`, `LINK_TYPE_`),
    KEY `ACT_IDX_HI_ENT_LNK_SCOPE_DEF` (`SCOPE_DEFINITION_ID_`, `SCOPE_TYPE_`, `LINK_TYPE_`)
) ENGINE = InnoDB
  DEFAULT CHARSET = utf8mb4
  COLLATE = utf8mb4_general_ci;

-- ----------------------------
-- Records of ACT_HI_ENTITYLINK
-- ----------------------------


-- ----------------------------
-- Table structure for ACT_HI_IDENTITYLINK
-- ----------------------------
DROP TABLE IF EXISTS `ACT_HI_IDENTITYLINK`;
CREATE TABLE `ACT_HI_IDENTITYLINK`
(
    `ID_`                  varchar(64) COLLATE utf8_bin NOT NULL,
    `GROUP_ID_`            varchar(255) COLLATE utf8_bin DEFAULT NULL,
    `TYPE_`                varchar(255) COLLATE utf8_bin DEFAULT NULL,
    `USER_ID_`             varchar(255) COLLATE utf8_bin DEFAULT NULL,
    `TASK_ID_`             varchar(64) COLLATE utf8_bin  DEFAULT NULL,
    `CREATE_TIME_`         datetime(3)                   DEFAULT NULL,
    `PROC_INST_ID_`        varchar(64) COLLATE utf8_bin  DEFAULT NULL,
    `SCOPE_ID_`            varchar(255) COLLATE utf8_bin DEFAULT NULL,
    `SUB_SCOPE_ID_`        varchar(255) COLLATE utf8_bin DEFAULT NULL,
    `SCOPE_TYPE_`          varchar(255) COLLATE utf8_bin DEFAULT NULL,
    `SCOPE_DEFINITION_ID_` varchar(255) COLLATE utf8_bin DEFAULT NULL,
    PRIMARY KEY (`ID_`),
    KEY `ACT_IDX_HI_IDENT_LNK_USER` (`USER_ID_`),
    KEY `ACT_IDX_HI_IDENT_LNK_SCOPE` (`SCOPE_ID_`, `SCOPE_TYPE_`),
    KEY `ACT_IDX_HI_IDENT_LNK_SUB_SCOPE` (`SUB_SCOPE_ID_`, `SCOPE_TYPE_`),
    KEY `ACT_IDX_HI_IDENT_LNK_SCOPE_DEF` (`SCOPE_DEFINITION_ID_`, `SCOPE_TYPE_`),
    KEY `ACT_IDX_HI_IDENT_LNK_TASK` (`TASK_ID_`),
    KEY `ACT_IDX_HI_IDENT_LNK_PROCINST` (`PROC_INST_ID_`)
) ENGINE = InnoDB
  DEFAULT CHARSET = utf8mb4
  COLLATE = utf8mb4_general_ci;

-- ----------------------------
-- Records of ACT_HI_IDENTITYLINK
-- ----------------------------
BEGIN;
INSERT INTO `ACT_HI_IDENTITYLINK`
VALUES ('0fde2b76-39c9-11eb-b5e7-acde48001122', NULL, 'participant', 'admin', NULL, '2020-12-09 10:48:48.236',
        'c8bd3efa-39c8-11eb-b5e7-acde48001122', NULL, NULL, NULL, NULL);
INSERT INTO `ACT_HI_IDENTITYLINK`
VALUES ('0fe3348a-39c9-11eb-b5e7-acde48001122', 'boss', 'candidate', NULL, '0fe33489-39c9-11eb-b5e7-acde48001122',
        '2020-12-09 10:48:48.269', NULL, NULL, NULL, NULL, NULL);
INSERT INTO `ACT_HI_IDENTITYLINK`
VALUES ('13bd135c-39c9-11eb-b5e7-acde48001122', NULL, 'assignee', 'admin', '0fe33489-39c9-11eb-b5e7-acde48001122',
        '2020-12-09 10:48:54.730', NULL, NULL, NULL, NULL, NULL);
INSERT INTO `ACT_HI_IDENTITYLINK`
VALUES ('16e8feef-39c9-11eb-b5e7-acde48001122', NULL, 'participant', 'admin', NULL, '2020-12-09 10:49:00.051',
        'c8bd3efa-39c8-11eb-b5e7-acde48001122', NULL, NULL, NULL, NULL);
INSERT INTO `ACT_HI_IDENTITYLINK`
VALUES ('c8bd660b-39c8-11eb-b5e7-acde48001122', NULL, 'starter', 'monezhao', NULL, '2020-12-09 10:46:48.904',
        'c8bd3efa-39c8-11eb-b5e7-acde48001122', NULL, NULL, NULL, NULL);
INSERT INTO `ACT_HI_IDENTITYLINK`
VALUES ('c8d95287-39c8-11eb-b5e7-acde48001122', NULL, 'assignee', 'monezhao', 'c8c0e885-39c8-11eb-b5e7-acde48001122',
        '2020-12-09 10:46:49.086', NULL, NULL, NULL, NULL, NULL);
INSERT INTO `ACT_HI_IDENTITYLINK`
VALUES ('c8da8b08-39c8-11eb-b5e7-acde48001122', NULL, 'participant', 'monezhao', NULL, '2020-12-09 10:46:49.094',
        'c8bd3efa-39c8-11eb-b5e7-acde48001122', NULL, NULL, NULL, NULL);
INSERT INTO `ACT_HI_IDENTITYLINK`
VALUES ('c8e671ea-39c8-11eb-b5e7-acde48001122', NULL, 'participant', 'monezhao', NULL, '2020-12-09 10:46:49.172',
        'c8bd3efa-39c8-11eb-b5e7-acde48001122', NULL, NULL, NULL, NULL);
INSERT INTO `ACT_HI_IDENTITYLINK`
VALUES ('c8eb7afe-39c8-11eb-b5e7-acde48001122', 'manager', 'candidate', NULL, 'c8eb7afd-39c8-11eb-b5e7-acde48001122',
        '2020-12-09 10:46:49.205', NULL, NULL, NULL, NULL, NULL);
INSERT INTO `ACT_HI_IDENTITYLINK`
VALUES ('c8f90f8f-39c8-11eb-b5e7-acde48001122', NULL, 'CC', 'monezhao', NULL, '2020-12-09 10:46:49.294',
        'c8bd3efa-39c8-11eb-b5e7-acde48001122', NULL, NULL, NULL, NULL);
INSERT INTO `ACT_HI_IDENTITYLINK`
VALUES ('fe0e3bb2-39c8-11eb-b5e7-acde48001122', NULL, 'assignee', 'admin', 'c8eb7afd-39c8-11eb-b5e7-acde48001122',
        '2020-12-09 10:48:18.352', NULL, NULL, NULL, NULL, NULL);
INSERT INTO `ACT_HI_IDENTITYLINK`
VALUES ('fe0f4d23-39c8-11eb-b5e7-acde48001122', NULL, 'participant', 'admin', NULL, '2020-12-09 10:48:18.359',
        'c8bd3efa-39c8-11eb-b5e7-acde48001122', NULL, NULL, NULL, NULL);
COMMIT;

-- ----------------------------
-- Table structure for ACT_HI_PROCINST
-- ----------------------------
DROP TABLE IF EXISTS `ACT_HI_PROCINST`;
CREATE TABLE `ACT_HI_PROCINST`
(
    `ID_`                        varchar(64) COLLATE utf8_bin NOT NULL,
    `REV_`                       int(11)                        DEFAULT '1',
    `PROC_INST_ID_`              varchar(64) COLLATE utf8_bin NOT NULL,
    `BUSINESS_KEY_`              varchar(255) COLLATE utf8_bin  DEFAULT NULL,
    `PROC_DEF_ID_`               varchar(64) COLLATE utf8_bin NOT NULL,
    `START_TIME_`                datetime(3)                  NOT NULL,
    `END_TIME_`                  datetime(3)                    DEFAULT NULL,
    `DURATION_`                  bigint(20)                     DEFAULT NULL,
    `START_USER_ID_`             varchar(255) COLLATE utf8_bin  DEFAULT NULL,
    `START_ACT_ID_`              varchar(255) COLLATE utf8_bin  DEFAULT NULL,
    `END_ACT_ID_`                varchar(255) COLLATE utf8_bin  DEFAULT NULL,
    `SUPER_PROCESS_INSTANCE_ID_` varchar(64) COLLATE utf8_bin   DEFAULT NULL,
    `DELETE_REASON_`             varchar(4000) COLLATE utf8_bin DEFAULT NULL,
    `TENANT_ID_`                 varchar(255) COLLATE utf8_bin  DEFAULT '',
    `NAME_`                      varchar(255) COLLATE utf8_bin  DEFAULT NULL,
    `CALLBACK_ID_`               varchar(255) COLLATE utf8_bin  DEFAULT NULL,
    `CALLBACK_TYPE_`             varchar(255) COLLATE utf8_bin  DEFAULT NULL,
    `REFERENCE_ID_`              varchar(255) COLLATE utf8_bin  DEFAULT NULL,
    `REFERENCE_TYPE_`            varchar(255) COLLATE utf8_bin  DEFAULT NULL,
    PRIMARY KEY (`ID_`),
    UNIQUE KEY `PROC_INST_ID_` (`PROC_INST_ID_`),
    KEY `ACT_IDX_HI_PRO_INST_END` (`END_TIME_`),
    KEY `ACT_IDX_HI_PRO_I_BUSKEY` (`BUSINESS_KEY_`)
) ENGINE = InnoDB
  DEFAULT CHARSET = utf8mb4
  COLLATE = utf8mb4_general_ci;

-- ----------------------------
-- Records of ACT_HI_PROCINST
-- ----------------------------
BEGIN;
INSERT INTO `ACT_HI_PROCINST`
VALUES ('c8bd3efa-39c8-11eb-b5e7-acde48001122', 2, 'c8bd3efa-39c8-11eb-b5e7-acde48001122', NULL,
        'leave:1:70ccd85f-39c7-11eb-b98a-acde48001122', '2020-12-09 10:46:48.902', '2020-12-09 10:49:00.180', 131278,
        'monezhao', 'start', 'end', NULL, NULL, '', 'monezhao请假流程', NULL, NULL, NULL, NULL);
COMMIT;

-- ----------------------------
-- Table structure for ACT_HI_TASKINST
-- ----------------------------
DROP TABLE IF EXISTS `ACT_HI_TASKINST`;
CREATE TABLE `ACT_HI_TASKINST`
(
    `ID_`                       varchar(64) COLLATE utf8_bin NOT NULL,
    `REV_`                      int(11)                        DEFAULT '1',
    `PROC_DEF_ID_`              varchar(64) COLLATE utf8_bin   DEFAULT NULL,
    `TASK_DEF_ID_`              varchar(64) COLLATE utf8_bin   DEFAULT NULL,
    `TASK_DEF_KEY_`             varchar(255) COLLATE utf8_bin  DEFAULT NULL,
    `PROC_INST_ID_`             varchar(64) COLLATE utf8_bin   DEFAULT NULL,
    `EXECUTION_ID_`             varchar(64) COLLATE utf8_bin   DEFAULT NULL,
    `SCOPE_ID_`                 varchar(255) COLLATE utf8_bin  DEFAULT NULL,
    `SUB_SCOPE_ID_`             varchar(255) COLLATE utf8_bin  DEFAULT NULL,
    `SCOPE_TYPE_`               varchar(255) COLLATE utf8_bin  DEFAULT NULL,
    `SCOPE_DEFINITION_ID_`      varchar(255) COLLATE utf8_bin  DEFAULT NULL,
    `PROPAGATED_STAGE_INST_ID_` varchar(255) COLLATE utf8_bin  DEFAULT NULL,
    `NAME_`                     varchar(255) COLLATE utf8_bin  DEFAULT NULL,
    `PARENT_TASK_ID_`           varchar(64) COLLATE utf8_bin   DEFAULT NULL,
    `DESCRIPTION_`              varchar(4000) COLLATE utf8_bin DEFAULT NULL,
    `OWNER_`                    varchar(255) COLLATE utf8_bin  DEFAULT NULL,
    `ASSIGNEE_`                 varchar(255) COLLATE utf8_bin  DEFAULT NULL,
    `START_TIME_`               datetime(3)                  NOT NULL,
    `CLAIM_TIME_`               datetime(3)                    DEFAULT NULL,
    `END_TIME_`                 datetime(3)                    DEFAULT NULL,
    `DURATION_`                 bigint(20)                     DEFAULT NULL,
    `DELETE_REASON_`            varchar(4000) COLLATE utf8_bin DEFAULT NULL,
    `PRIORITY_`                 int(11)                        DEFAULT NULL,
    `DUE_DATE_`                 datetime(3)                    DEFAULT NULL,
    `FORM_KEY_`                 varchar(255) COLLATE utf8_bin  DEFAULT NULL,
    `CATEGORY_`                 varchar(255) COLLATE utf8_bin  DEFAULT NULL,
    `TENANT_ID_`                varchar(255) COLLATE utf8_bin  DEFAULT '',
    `LAST_UPDATED_TIME_`        datetime(3)                    DEFAULT NULL,
    PRIMARY KEY (`ID_`),
    KEY `ACT_IDX_HI_TASK_SCOPE` (`SCOPE_ID_`, `SCOPE_TYPE_`),
    KEY `ACT_IDX_HI_TASK_SUB_SCOPE` (`SUB_SCOPE_ID_`, `SCOPE_TYPE_`),
    KEY `ACT_IDX_HI_TASK_SCOPE_DEF` (`SCOPE_DEFINITION_ID_`, `SCOPE_TYPE_`),
    KEY `ACT_IDX_HI_TASK_INST_PROCINST` (`PROC_INST_ID_`)
) ENGINE = InnoDB
  DEFAULT CHARSET = utf8mb4
  COLLATE = utf8mb4_general_ci;

-- ----------------------------
-- Records of ACT_HI_TASKINST
-- ----------------------------
BEGIN;
INSERT INTO `ACT_HI_TASKINST`
VALUES ('0fe33489-39c9-11eb-b5e7-acde48001122', 3, 'leave:1:70ccd85f-39c7-11eb-b98a-acde48001122', NULL, 'bossApprove',
        'c8bd3efa-39c8-11eb-b5e7-acde48001122', 'c8be5071-39c8-11eb-b5e7-acde48001122', NULL, NULL, NULL, NULL, NULL,
        '老板审批', NULL, NULL, NULL, 'admin', '2020-12-09 10:48:48.268', '2020-12-09 10:48:54.715',
        '2020-12-09 10:49:00.063', 11795, NULL, 50, NULL, NULL, 'todo', '', '2020-12-09 10:49:00.063');
INSERT INTO `ACT_HI_TASKINST`
VALUES ('c8c0e885-39c8-11eb-b5e7-acde48001122', 3, 'leave:1:70ccd85f-39c7-11eb-b98a-acde48001122', NULL,
        '__initiator__', 'c8bd3efa-39c8-11eb-b5e7-acde48001122', 'c8be5071-39c8-11eb-b5e7-acde48001122', NULL, NULL,
        NULL, NULL, NULL, '申请提交人', NULL, NULL, NULL, 'monezhao', '2020-12-09 10:46:48.919', NULL,
        '2020-12-09 10:46:49.181', 262, NULL, 50, NULL, 'leaveApply.form', 'todo', '', '2020-12-09 10:46:49.181');
INSERT INTO `ACT_HI_TASKINST`
VALUES ('c8eb7afd-39c8-11eb-b5e7-acde48001122', 3, 'leave:1:70ccd85f-39c7-11eb-b98a-acde48001122', NULL,
        'managerApprove', 'c8bd3efa-39c8-11eb-b5e7-acde48001122', 'c8be5071-39c8-11eb-b5e7-acde48001122', NULL, NULL,
        NULL, NULL, NULL, '经理审批', NULL, NULL, NULL, 'admin', '2020-12-09 10:46:49.204', '2020-12-09 10:48:18.331',
        '2020-12-09 10:48:48.249', 119045, NULL, 50, NULL, NULL, 'todo', '', '2020-12-09 10:48:48.249');
COMMIT;

-- ----------------------------
-- Table structure for ACT_HI_TSK_LOG
-- ----------------------------
DROP TABLE IF EXISTS `ACT_HI_TSK_LOG`;
CREATE TABLE `ACT_HI_TSK_LOG`
(
    `ID_`                  bigint(20)                   NOT NULL AUTO_INCREMENT,
    `TYPE_`                varchar(64) COLLATE utf8_bin   DEFAULT NULL,
    `TASK_ID_`             varchar(64) COLLATE utf8_bin NOT NULL,
    `TIME_STAMP_`          timestamp(3)                 NOT NULL,
    `USER_ID_`             varchar(255) COLLATE utf8_bin  DEFAULT NULL,
    `DATA_`                varchar(4000) COLLATE utf8_bin DEFAULT NULL,
    `EXECUTION_ID_`        varchar(64) COLLATE utf8_bin   DEFAULT NULL,
    `PROC_INST_ID_`        varchar(64) COLLATE utf8_bin   DEFAULT NULL,
    `PROC_DEF_ID_`         varchar(64) COLLATE utf8_bin   DEFAULT NULL,
    `SCOPE_ID_`            varchar(255) COLLATE utf8_bin  DEFAULT NULL,
    `SCOPE_DEFINITION_ID_` varchar(255) COLLATE utf8_bin  DEFAULT NULL,
    `SUB_SCOPE_ID_`        varchar(255) COLLATE utf8_bin  DEFAULT NULL,
    `SCOPE_TYPE_`          varchar(255) COLLATE utf8_bin  DEFAULT NULL,
    `TENANT_ID_`           varchar(255) COLLATE utf8_bin  DEFAULT '',
    PRIMARY KEY (`ID_`)
) ENGINE = InnoDB
  DEFAULT CHARSET = utf8mb4
  COLLATE = utf8mb4_general_ci;

-- ----------------------------
-- Records of ACT_HI_TSK_LOG
-- ----------------------------


-- ----------------------------
-- Table structure for ACT_HI_VARINST
-- ----------------------------
DROP TABLE IF EXISTS `ACT_HI_VARINST`;
CREATE TABLE `ACT_HI_VARINST`
(
    `ID_`                varchar(64) COLLATE utf8_bin  NOT NULL,
    `REV_`               int(11)                        DEFAULT '1',
    `PROC_INST_ID_`      varchar(64) COLLATE utf8_bin   DEFAULT NULL,
    `EXECUTION_ID_`      varchar(64) COLLATE utf8_bin   DEFAULT NULL,
    `TASK_ID_`           varchar(64) COLLATE utf8_bin   DEFAULT NULL,
    `NAME_`              varchar(255) COLLATE utf8_bin NOT NULL,
    `VAR_TYPE_`          varchar(100) COLLATE utf8_bin  DEFAULT NULL,
    `SCOPE_ID_`          varchar(255) COLLATE utf8_bin  DEFAULT NULL,
    `SUB_SCOPE_ID_`      varchar(255) COLLATE utf8_bin  DEFAULT NULL,
    `SCOPE_TYPE_`        varchar(255) COLLATE utf8_bin  DEFAULT NULL,
    `BYTEARRAY_ID_`      varchar(64) COLLATE utf8_bin   DEFAULT NULL,
    `DOUBLE_`            double                         DEFAULT NULL,
    `LONG_`              bigint(20)                     DEFAULT NULL,
    `TEXT_`              varchar(4000) COLLATE utf8_bin DEFAULT NULL,
    `TEXT2_`             varchar(4000) COLLATE utf8_bin DEFAULT NULL,
    `CREATE_TIME_`       datetime(3)                    DEFAULT NULL,
    `LAST_UPDATED_TIME_` datetime(3)                    DEFAULT NULL,
    PRIMARY KEY (`ID_`),
    KEY `ACT_IDX_HI_PROCVAR_NAME_TYPE` (`NAME_`, `VAR_TYPE_`),
    KEY `ACT_IDX_HI_VAR_SCOPE_ID_TYPE` (`SCOPE_ID_`, `SCOPE_TYPE_`),
    KEY `ACT_IDX_HI_VAR_SUB_ID_TYPE` (`SUB_SCOPE_ID_`, `SCOPE_TYPE_`),
    KEY `ACT_IDX_HI_PROCVAR_PROC_INST` (`PROC_INST_ID_`),
    KEY `ACT_IDX_HI_PROCVAR_TASK_ID` (`TASK_ID_`),
    KEY `ACT_IDX_HI_PROCVAR_EXE` (`EXECUTION_ID_`)
) ENGINE = InnoDB
  DEFAULT CHARSET = utf8mb4
  COLLATE = utf8mb4_general_ci;

-- ----------------------------
-- Records of ACT_HI_VARINST
-- ----------------------------
BEGIN;
INSERT INTO `ACT_HI_VARINST`
VALUES ('c8bdb42c-39c8-11eb-b5e7-acde48001122', 0, 'c8bd3efa-39c8-11eb-b5e7-acde48001122',
        'c8bd3efa-39c8-11eb-b5e7-acde48001122', NULL, 'processInstanceFormData', 'string', NULL, NULL, NULL, NULL, NULL,
        NULL,
        '{\"userId\":\"monezhao\",\"userName\":\"周渝民\",\"dateStart\":\"2020-12-09 08:00:00\",\"dateEnd\":\"2020-12-11 18:00:00\"}',
        NULL, '2020-12-09 10:46:48.907', '2020-12-09 10:46:48.907');
INSERT INTO `ACT_HI_VARINST`
VALUES ('c8be024d-39c8-11eb-b5e7-acde48001122', 0, 'c8bd3efa-39c8-11eb-b5e7-acde48001122',
        'c8bd3efa-39c8-11eb-b5e7-acde48001122', NULL, 'dateEnd', 'string', NULL, NULL, NULL, NULL, NULL, NULL,
        '2020-12-11 18:00:00', NULL, '2020-12-09 10:46:48.907', '2020-12-09 10:46:48.907');
INSERT INTO `ACT_HI_VARINST`
VALUES ('c8be024e-39c8-11eb-b5e7-acde48001122', 0, 'c8bd3efa-39c8-11eb-b5e7-acde48001122',
        'c8bd3efa-39c8-11eb-b5e7-acde48001122', NULL, 'userName', 'string', NULL, NULL, NULL, NULL, NULL, NULL, '周渝民',
        NULL, '2020-12-09 10:46:48.907', '2020-12-09 10:46:48.907');
INSERT INTO `ACT_HI_VARINST`
VALUES ('c8be024f-39c8-11eb-b5e7-acde48001122', 0, 'c8bd3efa-39c8-11eb-b5e7-acde48001122',
        'c8bd3efa-39c8-11eb-b5e7-acde48001122', NULL, 'userId', 'string', NULL, NULL, NULL, NULL, NULL, NULL,
        'monezhao', NULL, '2020-12-09 10:46:48.907', '2020-12-09 10:46:48.907');
INSERT INTO `ACT_HI_VARINST`
VALUES ('c8be0250-39c8-11eb-b5e7-acde48001122', 0, 'c8bd3efa-39c8-11eb-b5e7-acde48001122',
        'c8bd3efa-39c8-11eb-b5e7-acde48001122', NULL, 'dateStart', 'string', NULL, NULL, NULL, NULL, NULL, NULL,
        '2020-12-09 08:00:00', NULL, '2020-12-09 10:46:48.907', '2020-12-09 10:46:48.907');
COMMIT;

-- ----------------------------
-- Table structure for ACT_ID_BYTEARRAY
-- ----------------------------
DROP TABLE IF EXISTS `ACT_ID_BYTEARRAY`;
CREATE TABLE `ACT_ID_BYTEARRAY`
(
    `ID_`    varchar(64) COLLATE utf8_bin NOT NULL,
    `REV_`   int(11)                       DEFAULT NULL,
    `NAME_`  varchar(255) COLLATE utf8_bin DEFAULT NULL,
    `BYTES_` longblob,
    PRIMARY KEY (`ID_`)
) ENGINE = InnoDB
  DEFAULT CHARSET = utf8mb4
  COLLATE = utf8mb4_general_ci;

-- ----------------------------
-- Records of ACT_ID_BYTEARRAY
-- ----------------------------


-- ----------------------------
-- Table structure for ACT_ID_GROUP
-- ----------------------------
DROP TABLE IF EXISTS `ACT_ID_GROUP`;
CREATE TABLE `ACT_ID_GROUP`
(
    `ID_`   varchar(64) COLLATE utf8_bin NOT NULL,
    `REV_`  int(11)                       DEFAULT NULL,
    `NAME_` varchar(255) COLLATE utf8_bin DEFAULT NULL,
    `TYPE_` varchar(255) COLLATE utf8_bin DEFAULT NULL,
    PRIMARY KEY (`ID_`)
) ENGINE = InnoDB
  DEFAULT CHARSET = utf8mb4
  COLLATE = utf8mb4_general_ci;

-- ----------------------------
-- Records of ACT_ID_GROUP
-- ----------------------------


-- ----------------------------
-- Table structure for ACT_ID_INFO
-- ----------------------------
DROP TABLE IF EXISTS `ACT_ID_INFO`;
CREATE TABLE `ACT_ID_INFO`
(
    `ID_`        varchar(64) COLLATE utf8_bin NOT NULL,
    `REV_`       int(11)                       DEFAULT NULL,
    `USER_ID_`   varchar(64) COLLATE utf8_bin  DEFAULT NULL,
    `TYPE_`      varchar(64) COLLATE utf8_bin  DEFAULT NULL,
    `KEY_`       varchar(255) COLLATE utf8_bin DEFAULT NULL,
    `VALUE_`     varchar(255) COLLATE utf8_bin DEFAULT NULL,
    `PASSWORD_`  longblob,
    `PARENT_ID_` varchar(255) COLLATE utf8_bin DEFAULT NULL,
    PRIMARY KEY (`ID_`)
) ENGINE = InnoDB
  DEFAULT CHARSET = utf8mb4
  COLLATE = utf8mb4_general_ci;

-- ----------------------------
-- Records of ACT_ID_INFO
-- ----------------------------


-- ----------------------------
-- Table structure for ACT_ID_MEMBERSHIP
-- ----------------------------
DROP TABLE IF EXISTS `ACT_ID_MEMBERSHIP`;
CREATE TABLE `ACT_ID_MEMBERSHIP`
(
    `USER_ID_`  varchar(64) COLLATE utf8_bin NOT NULL,
    `GROUP_ID_` varchar(64) COLLATE utf8_bin NOT NULL,
    PRIMARY KEY (`USER_ID_`, `GROUP_ID_`),
    KEY `ACT_FK_MEMB_GROUP` (`GROUP_ID_`),
    CONSTRAINT `ACT_FK_MEMB_GROUP` FOREIGN KEY (`GROUP_ID_`) REFERENCES `ACT_ID_GROUP` (`ID_`),
    CONSTRAINT `ACT_FK_MEMB_USER` FOREIGN KEY (`USER_ID_`) REFERENCES `ACT_ID_USER` (`ID_`)
) ENGINE = InnoDB
  DEFAULT CHARSET = utf8mb4
  COLLATE = utf8mb4_general_ci;

-- ----------------------------
-- Records of ACT_ID_MEMBERSHIP
-- ----------------------------


-- ----------------------------
-- Table structure for ACT_ID_PRIV
-- ----------------------------
DROP TABLE IF EXISTS `ACT_ID_PRIV`;
CREATE TABLE `ACT_ID_PRIV`
(
    `ID_`   varchar(64) COLLATE utf8_bin  NOT NULL,
    `NAME_` varchar(255) COLLATE utf8_bin NOT NULL,
    PRIMARY KEY (`ID_`),
    UNIQUE KEY `ACT_UNIQ_PRIV_NAME` (`NAME_`)
) ENGINE = InnoDB
  DEFAULT CHARSET = utf8mb4
  COLLATE = utf8mb4_general_ci;

-- ----------------------------
-- Records of ACT_ID_PRIV
-- ----------------------------


-- ----------------------------
-- Table structure for ACT_ID_PRIV_MAPPING
-- ----------------------------
DROP TABLE IF EXISTS `ACT_ID_PRIV_MAPPING`;
CREATE TABLE `ACT_ID_PRIV_MAPPING`
(
    `ID_`       varchar(64) COLLATE utf8_bin NOT NULL,
    `PRIV_ID_`  varchar(64) COLLATE utf8_bin NOT NULL,
    `USER_ID_`  varchar(255) COLLATE utf8_bin DEFAULT NULL,
    `GROUP_ID_` varchar(255) COLLATE utf8_bin DEFAULT NULL,
    PRIMARY KEY (`ID_`),
    KEY `ACT_FK_PRIV_MAPPING` (`PRIV_ID_`),
    KEY `ACT_IDX_PRIV_USER` (`USER_ID_`),
    KEY `ACT_IDX_PRIV_GROUP` (`GROUP_ID_`),
    CONSTRAINT `ACT_FK_PRIV_MAPPING` FOREIGN KEY (`PRIV_ID_`) REFERENCES `ACT_ID_PRIV` (`ID_`)
) ENGINE = InnoDB
  DEFAULT CHARSET = utf8mb4
  COLLATE = utf8mb4_general_ci;

-- ----------------------------
-- Records of ACT_ID_PRIV_MAPPING
-- ----------------------------


-- ----------------------------
-- Table structure for ACT_ID_PROPERTY
-- ----------------------------
DROP TABLE IF EXISTS `ACT_ID_PROPERTY`;
CREATE TABLE `ACT_ID_PROPERTY`
(
    `NAME_`  varchar(64) COLLATE utf8_bin NOT NULL,
    `VALUE_` varchar(300) COLLATE utf8_bin DEFAULT NULL,
    `REV_`   int(11)                       DEFAULT NULL,
    PRIMARY KEY (`NAME_`)
) ENGINE = InnoDB
  DEFAULT CHARSET = utf8mb4
  COLLATE = utf8mb4_general_ci;

-- ----------------------------
-- Records of ACT_ID_PROPERTY
-- ----------------------------
BEGIN;
INSERT INTO `ACT_ID_PROPERTY`
VALUES ('schema.version', '6.5.1.6', 1);
COMMIT;

-- ----------------------------
-- Table structure for ACT_ID_TOKEN
-- ----------------------------
DROP TABLE IF EXISTS `ACT_ID_TOKEN`;
CREATE TABLE `ACT_ID_TOKEN`
(
    `ID_`          varchar(64) COLLATE utf8_bin NOT NULL,
    `REV_`         int(11)                           DEFAULT NULL,
    `TOKEN_VALUE_` varchar(255) COLLATE utf8_bin     DEFAULT NULL,
    `TOKEN_DATE_`  timestamp(3)                 NULL DEFAULT NULL,
    `IP_ADDRESS_`  varchar(255) COLLATE utf8_bin     DEFAULT NULL,
    `USER_AGENT_`  varchar(255) COLLATE utf8_bin     DEFAULT NULL,
    `USER_ID_`     varchar(255) COLLATE utf8_bin     DEFAULT NULL,
    `TOKEN_DATA_`  varchar(2000) COLLATE utf8_bin    DEFAULT NULL,
    PRIMARY KEY (`ID_`)
) ENGINE = InnoDB
  DEFAULT CHARSET = utf8mb4
  COLLATE = utf8mb4_general_ci;

-- ----------------------------
-- Records of ACT_ID_TOKEN
-- ----------------------------


-- ----------------------------
-- Table structure for ACT_ID_USER
-- ----------------------------
DROP TABLE IF EXISTS `ACT_ID_USER`;
CREATE TABLE `ACT_ID_USER`
(
    `ID_`           varchar(64) COLLATE utf8_bin NOT NULL,
    `REV_`          int(11)                       DEFAULT NULL,
    `FIRST_`        varchar(255) COLLATE utf8_bin DEFAULT NULL,
    `LAST_`         varchar(255) COLLATE utf8_bin DEFAULT NULL,
    `DISPLAY_NAME_` varchar(255) COLLATE utf8_bin DEFAULT NULL,
    `EMAIL_`        varchar(255) COLLATE utf8_bin DEFAULT NULL,
    `PWD_`          varchar(255) COLLATE utf8_bin DEFAULT NULL,
    `PICTURE_ID_`   varchar(64) COLLATE utf8_bin  DEFAULT NULL,
    `TENANT_ID_`    varchar(255) COLLATE utf8_bin DEFAULT '',
    PRIMARY KEY (`ID_`)
) ENGINE = InnoDB
  DEFAULT CHARSET = utf8mb4
  COLLATE = utf8mb4_general_ci;

-- ----------------------------
-- Records of ACT_ID_USER
-- ----------------------------


-- ----------------------------
-- Table structure for ACT_PROCDEF_INFO
-- ----------------------------
DROP TABLE IF EXISTS `ACT_PROCDEF_INFO`;
CREATE TABLE `ACT_PROCDEF_INFO`
(
    `ID_`           varchar(64) COLLATE utf8_bin NOT NULL,
    `PROC_DEF_ID_`  varchar(64) COLLATE utf8_bin NOT NULL,
    `REV_`          int(11)                      DEFAULT NULL,
    `INFO_JSON_ID_` varchar(64) COLLATE utf8_bin DEFAULT NULL,
    PRIMARY KEY (`ID_`),
    UNIQUE KEY `ACT_UNIQ_INFO_PROCDEF` (`PROC_DEF_ID_`),
    KEY `ACT_IDX_INFO_PROCDEF` (`PROC_DEF_ID_`),
    KEY `ACT_FK_INFO_JSON_BA` (`INFO_JSON_ID_`),
    CONSTRAINT `ACT_FK_INFO_JSON_BA` FOREIGN KEY (`INFO_JSON_ID_`) REFERENCES `ACT_GE_BYTEARRAY` (`ID_`),
    CONSTRAINT `ACT_FK_INFO_PROCDEF` FOREIGN KEY (`PROC_DEF_ID_`) REFERENCES `ACT_RE_PROCDEF` (`ID_`)
) ENGINE = InnoDB
  DEFAULT CHARSET = utf8mb4
  COLLATE = utf8mb4_general_ci;

-- ----------------------------
-- Records of ACT_PROCDEF_INFO
-- ----------------------------


-- ----------------------------
-- Table structure for ACT_RE_DEPLOYMENT
-- ----------------------------
DROP TABLE IF EXISTS `ACT_RE_DEPLOYMENT`;
CREATE TABLE `ACT_RE_DEPLOYMENT`
(
    `ID_`                   varchar(64) COLLATE utf8_bin NOT NULL,
    `NAME_`                 varchar(255) COLLATE utf8_bin     DEFAULT NULL,
    `CATEGORY_`             varchar(255) COLLATE utf8_bin     DEFAULT NULL,
    `KEY_`                  varchar(255) COLLATE utf8_bin     DEFAULT NULL,
    `TENANT_ID_`            varchar(255) COLLATE utf8_bin     DEFAULT '',
    `DEPLOY_TIME_`          timestamp(3)                 NULL DEFAULT NULL,
    `DERIVED_FROM_`         varchar(64) COLLATE utf8_bin      DEFAULT NULL,
    `DERIVED_FROM_ROOT_`    varchar(64) COLLATE utf8_bin      DEFAULT NULL,
    `PARENT_DEPLOYMENT_ID_` varchar(255) COLLATE utf8_bin     DEFAULT NULL,
    `ENGINE_VERSION_`       varchar(255) COLLATE utf8_bin     DEFAULT NULL,
    PRIMARY KEY (`ID_`)
) ENGINE = InnoDB
  DEFAULT CHARSET = utf8mb4
  COLLATE = utf8mb4_general_ci;

-- ----------------------------
-- Records of ACT_RE_DEPLOYMENT
-- ----------------------------
BEGIN;
INSERT INTO `ACT_RE_DEPLOYMENT`
VALUES ('70c0ca6b-39c7-11eb-b98a-acde48001122', 'af62f2e3-39c5-11eb-b98a-acde48001122.bpmn20.xml', '1', NULL, '',
        '2020-12-09 10:37:11.789', NULL, NULL, '70c0ca6b-39c7-11eb-b98a-acde48001122', NULL);
COMMIT;

-- ----------------------------
-- Table structure for ACT_RE_MODEL
-- ----------------------------
DROP TABLE IF EXISTS `ACT_RE_MODEL`;
CREATE TABLE `ACT_RE_MODEL`
(
    `ID_`                           varchar(64) COLLATE utf8_bin NOT NULL,
    `REV_`                          int(11)                           DEFAULT NULL,
    `NAME_`                         varchar(255) COLLATE utf8_bin     DEFAULT NULL,
    `KEY_`                          varchar(255) COLLATE utf8_bin     DEFAULT NULL,
    `CATEGORY_`                     varchar(255) COLLATE utf8_bin     DEFAULT NULL,
    `CREATE_TIME_`                  timestamp(3)                 NULL DEFAULT NULL,
    `LAST_UPDATE_TIME_`             timestamp(3)                 NULL DEFAULT NULL,
    `VERSION_`                      int(11)                           DEFAULT NULL,
    `META_INFO_`                    varchar(4000) COLLATE utf8_bin    DEFAULT NULL,
    `DEPLOYMENT_ID_`                varchar(64) COLLATE utf8_bin      DEFAULT NULL,
    `EDITOR_SOURCE_VALUE_ID_`       varchar(64) COLLATE utf8_bin      DEFAULT NULL,
    `EDITOR_SOURCE_EXTRA_VALUE_ID_` varchar(64) COLLATE utf8_bin      DEFAULT NULL,
    `TENANT_ID_`                    varchar(255) COLLATE utf8_bin     DEFAULT '',
    PRIMARY KEY (`ID_`),
    KEY `ACT_FK_MODEL_SOURCE` (`EDITOR_SOURCE_VALUE_ID_`),
    KEY `ACT_FK_MODEL_SOURCE_EXTRA` (`EDITOR_SOURCE_EXTRA_VALUE_ID_`),
    KEY `ACT_FK_MODEL_DEPLOYMENT` (`DEPLOYMENT_ID_`),
    CONSTRAINT `ACT_FK_MODEL_DEPLOYMENT` FOREIGN KEY (`DEPLOYMENT_ID_`) REFERENCES `ACT_RE_DEPLOYMENT` (`ID_`),
    CONSTRAINT `ACT_FK_MODEL_SOURCE` FOREIGN KEY (`EDITOR_SOURCE_VALUE_ID_`) REFERENCES `ACT_GE_BYTEARRAY` (`ID_`),
    CONSTRAINT `ACT_FK_MODEL_SOURCE_EXTRA` FOREIGN KEY (`EDITOR_SOURCE_EXTRA_VALUE_ID_`) REFERENCES `ACT_GE_BYTEARRAY` (`ID_`)
) ENGINE = InnoDB
  DEFAULT CHARSET = utf8mb4
  COLLATE = utf8mb4_general_ci;

-- ----------------------------
-- Records of ACT_RE_MODEL
-- ----------------------------
BEGIN;
INSERT INTO `ACT_RE_MODEL`
VALUES ('af62f2e3-39c5-11eb-b98a-acde48001122', 6, '请假流程', 'leave', '1', '2020-12-09 10:24:37.877',
        '2020-12-09 10:37:06.526', 3, '{\"name\":\"请假流程\",\"description\":\"请假流程\"}',
        '70c0ca6b-39c7-11eb-b98a-acde48001122', '3bcc6cb4-39c7-11eb-b98a-acde48001122',
        '3be68465-39c7-11eb-b98a-acde48001122', '');
COMMIT;

-- ----------------------------
-- Table structure for ACT_RE_PROCDEF
-- ----------------------------
DROP TABLE IF EXISTS `ACT_RE_PROCDEF`;
CREATE TABLE `ACT_RE_PROCDEF`
(
    `ID_`                     varchar(64) COLLATE utf8_bin  NOT NULL,
    `REV_`                    int(11)                                DEFAULT NULL,
    `CATEGORY_`               varchar(255) COLLATE utf8_bin          DEFAULT NULL,
    `NAME_`                   varchar(255) COLLATE utf8_bin          DEFAULT NULL,
    `KEY_`                    varchar(255) COLLATE utf8_bin NOT NULL,
    `VERSION_`                int(11)                       NOT NULL,
    `DEPLOYMENT_ID_`          varchar(64) COLLATE utf8_bin           DEFAULT NULL,
    `RESOURCE_NAME_`          varchar(4000) COLLATE utf8_bin         DEFAULT NULL,
    `DGRM_RESOURCE_NAME_`     varchar(4000) COLLATE utf8_bin         DEFAULT NULL,
    `DESCRIPTION_`            varchar(4000) COLLATE utf8_bin         DEFAULT NULL,
    `HAS_START_FORM_KEY_`     tinyint(4)                             DEFAULT NULL,
    `HAS_GRAPHICAL_NOTATION_` tinyint(4)                             DEFAULT NULL,
    `SUSPENSION_STATE_`       int(11)                                DEFAULT NULL,
    `TENANT_ID_`              varchar(255) COLLATE utf8_bin          DEFAULT '',
    `ENGINE_VERSION_`         varchar(255) COLLATE utf8_bin          DEFAULT NULL,
    `DERIVED_FROM_`           varchar(64) COLLATE utf8_bin           DEFAULT NULL,
    `DERIVED_FROM_ROOT_`      varchar(64) COLLATE utf8_bin           DEFAULT NULL,
    `DERIVED_VERSION_`        int(11)                       NOT NULL DEFAULT '0',
    PRIMARY KEY (`ID_`),
    UNIQUE KEY `ACT_UNIQ_PROCDEF` (`KEY_`, `VERSION_`, `DERIVED_VERSION_`, `TENANT_ID_`)
) ENGINE = InnoDB
  DEFAULT CHARSET = utf8mb4
  COLLATE = utf8mb4_general_ci;

-- ----------------------------
-- Records of ACT_RE_PROCDEF
-- ----------------------------
BEGIN;
INSERT INTO `ACT_RE_PROCDEF`
VALUES ('leave:1:70ccd85f-39c7-11eb-b98a-acde48001122', 1, '1', '请假流程', 'leave', 1,
        '70c0ca6b-39c7-11eb-b98a-acde48001122', 'af62f2e3-39c5-11eb-b98a-acde48001122.bpmn20.xml',
        'af62f2e3-39c5-11eb-b98a-acde48001122.leave.png', '请假流程', 1, 1, 1, '', NULL, NULL, NULL, 0);
COMMIT;

-- ----------------------------
-- Table structure for ACT_RU_ACTINST
-- ----------------------------
DROP TABLE IF EXISTS `ACT_RU_ACTINST`;
CREATE TABLE `ACT_RU_ACTINST`
(
    `ID_`                varchar(64) COLLATE utf8_bin  NOT NULL,
    `REV_`               int(11)                        DEFAULT '1',
    `PROC_DEF_ID_`       varchar(64) COLLATE utf8_bin  NOT NULL,
    `PROC_INST_ID_`      varchar(64) COLLATE utf8_bin  NOT NULL,
    `EXECUTION_ID_`      varchar(64) COLLATE utf8_bin  NOT NULL,
    `ACT_ID_`            varchar(255) COLLATE utf8_bin NOT NULL,
    `TASK_ID_`           varchar(64) COLLATE utf8_bin   DEFAULT NULL,
    `CALL_PROC_INST_ID_` varchar(64) COLLATE utf8_bin   DEFAULT NULL,
    `ACT_NAME_`          varchar(255) COLLATE utf8_bin  DEFAULT NULL,
    `ACT_TYPE_`          varchar(255) COLLATE utf8_bin NOT NULL,
    `ASSIGNEE_`          varchar(255) COLLATE utf8_bin  DEFAULT NULL,
    `START_TIME_`        datetime(3)                   NOT NULL,
    `END_TIME_`          datetime(3)                    DEFAULT NULL,
    `DURATION_`          bigint(20)                     DEFAULT NULL,
    `TRANSACTION_ORDER_` int(11)                        DEFAULT NULL,
    `DELETE_REASON_`     varchar(4000) COLLATE utf8_bin DEFAULT NULL,
    `TENANT_ID_`         varchar(255) COLLATE utf8_bin  DEFAULT '',
    PRIMARY KEY (`ID_`),
    KEY `ACT_IDX_RU_ACTI_START` (`START_TIME_`),
    KEY `ACT_IDX_RU_ACTI_END` (`END_TIME_`),
    KEY `ACT_IDX_RU_ACTI_PROC` (`PROC_INST_ID_`),
    KEY `ACT_IDX_RU_ACTI_PROC_ACT` (`PROC_INST_ID_`, `ACT_ID_`),
    KEY `ACT_IDX_RU_ACTI_EXEC` (`EXECUTION_ID_`),
    KEY `ACT_IDX_RU_ACTI_EXEC_ACT` (`EXECUTION_ID_`, `ACT_ID_`)
) ENGINE = InnoDB
  DEFAULT CHARSET = utf8mb4
  COLLATE = utf8mb4_general_ci;

-- ----------------------------
-- Records of ACT_RU_ACTINST
-- ----------------------------


-- ----------------------------
-- Table structure for ACT_RU_DEADLETTER_JOB
-- ----------------------------
DROP TABLE IF EXISTS `ACT_RU_DEADLETTER_JOB`;
CREATE TABLE `ACT_RU_DEADLETTER_JOB`
(
    `ID_`                  varchar(64) COLLATE utf8_bin  NOT NULL,
    `REV_`                 int(11)                            DEFAULT NULL,
    `CATEGORY_`            varchar(255) COLLATE utf8_bin      DEFAULT NULL,
    `TYPE_`                varchar(255) COLLATE utf8_bin NOT NULL,
    `EXCLUSIVE_`           tinyint(1)                         DEFAULT NULL,
    `EXECUTION_ID_`        varchar(64) COLLATE utf8_bin       DEFAULT NULL,
    `PROCESS_INSTANCE_ID_` varchar(64) COLLATE utf8_bin       DEFAULT NULL,
    `PROC_DEF_ID_`         varchar(64) COLLATE utf8_bin       DEFAULT NULL,
    `ELEMENT_ID_`          varchar(255) COLLATE utf8_bin      DEFAULT NULL,
    `ELEMENT_NAME_`        varchar(255) COLLATE utf8_bin      DEFAULT NULL,
    `SCOPE_ID_`            varchar(255) COLLATE utf8_bin      DEFAULT NULL,
    `SUB_SCOPE_ID_`        varchar(255) COLLATE utf8_bin      DEFAULT NULL,
    `SCOPE_TYPE_`          varchar(255) COLLATE utf8_bin      DEFAULT NULL,
    `SCOPE_DEFINITION_ID_` varchar(255) COLLATE utf8_bin      DEFAULT NULL,
    `CORRELATION_ID_`      varchar(255) COLLATE utf8_bin      DEFAULT NULL,
    `EXCEPTION_STACK_ID_`  varchar(64) COLLATE utf8_bin       DEFAULT NULL,
    `EXCEPTION_MSG_`       varchar(4000) COLLATE utf8_bin     DEFAULT NULL,
    `DUEDATE_`             timestamp(3)                  NULL DEFAULT NULL,
    `REPEAT_`              varchar(255) COLLATE utf8_bin      DEFAULT NULL,
    `HANDLER_TYPE_`        varchar(255) COLLATE utf8_bin      DEFAULT NULL,
    `HANDLER_CFG_`         varchar(4000) COLLATE utf8_bin     DEFAULT NULL,
    `CUSTOM_VALUES_ID_`    varchar(64) COLLATE utf8_bin       DEFAULT NULL,
    `CREATE_TIME_`         timestamp(3)                  NULL DEFAULT NULL,
    `TENANT_ID_`           varchar(255) COLLATE utf8_bin      DEFAULT '',
    PRIMARY KEY (`ID_`),
    KEY `ACT_IDX_DEADLETTER_JOB_EXCEPTION_STACK_ID` (`EXCEPTION_STACK_ID_`),
    KEY `ACT_IDX_DEADLETTER_JOB_CUSTOM_VALUES_ID` (`CUSTOM_VALUES_ID_`),
    KEY `ACT_IDX_DEADLETTER_JOB_CORRELATION_ID` (`CORRELATION_ID_`),
    KEY `ACT_IDX_DJOB_SCOPE` (`SCOPE_ID_`, `SCOPE_TYPE_`),
    KEY `ACT_IDX_DJOB_SUB_SCOPE` (`SUB_SCOPE_ID_`, `SCOPE_TYPE_`),
    KEY `ACT_IDX_DJOB_SCOPE_DEF` (`SCOPE_DEFINITION_ID_`, `SCOPE_TYPE_`),
    KEY `ACT_FK_DEADLETTER_JOB_EXECUTION` (`EXECUTION_ID_`),
    KEY `ACT_FK_DEADLETTER_JOB_PROCESS_INSTANCE` (`PROCESS_INSTANCE_ID_`),
    KEY `ACT_FK_DEADLETTER_JOB_PROC_DEF` (`PROC_DEF_ID_`),
    CONSTRAINT `ACT_FK_DEADLETTER_JOB_CUSTOM_VALUES` FOREIGN KEY (`CUSTOM_VALUES_ID_`) REFERENCES `ACT_GE_BYTEARRAY` (`ID_`),
    CONSTRAINT `ACT_FK_DEADLETTER_JOB_EXCEPTION` FOREIGN KEY (`EXCEPTION_STACK_ID_`) REFERENCES `ACT_GE_BYTEARRAY` (`ID_`),
    CONSTRAINT `ACT_FK_DEADLETTER_JOB_EXECUTION` FOREIGN KEY (`EXECUTION_ID_`) REFERENCES `ACT_RU_EXECUTION` (`ID_`),
    CONSTRAINT `ACT_FK_DEADLETTER_JOB_PROCESS_INSTANCE` FOREIGN KEY (`PROCESS_INSTANCE_ID_`) REFERENCES `ACT_RU_EXECUTION` (`ID_`),
    CONSTRAINT `ACT_FK_DEADLETTER_JOB_PROC_DEF` FOREIGN KEY (`PROC_DEF_ID_`) REFERENCES `ACT_RE_PROCDEF` (`ID_`)
) ENGINE = InnoDB
  DEFAULT CHARSET = utf8mb4
  COLLATE = utf8mb4_general_ci;

-- ----------------------------
-- Records of ACT_RU_DEADLETTER_JOB
-- ----------------------------


-- ----------------------------
-- Table structure for ACT_RU_ENTITYLINK
-- ----------------------------
DROP TABLE IF EXISTS `ACT_RU_ENTITYLINK`;
CREATE TABLE `ACT_RU_ENTITYLINK`
(
    `ID_`                      varchar(64) COLLATE utf8_bin NOT NULL,
    `REV_`                     int(11)                       DEFAULT NULL,
    `CREATE_TIME_`             datetime(3)                   DEFAULT NULL,
    `LINK_TYPE_`               varchar(255) COLLATE utf8_bin DEFAULT NULL,
    `SCOPE_ID_`                varchar(255) COLLATE utf8_bin DEFAULT NULL,
    `SUB_SCOPE_ID_`            varchar(255) COLLATE utf8_bin DEFAULT NULL,
    `SCOPE_TYPE_`              varchar(255) COLLATE utf8_bin DEFAULT NULL,
    `SCOPE_DEFINITION_ID_`     varchar(255) COLLATE utf8_bin DEFAULT NULL,
    `PARENT_ELEMENT_ID_`       varchar(255) COLLATE utf8_bin DEFAULT NULL,
    `REF_SCOPE_ID_`            varchar(255) COLLATE utf8_bin DEFAULT NULL,
    `REF_SCOPE_TYPE_`          varchar(255) COLLATE utf8_bin DEFAULT NULL,
    `REF_SCOPE_DEFINITION_ID_` varchar(255) COLLATE utf8_bin DEFAULT NULL,
    `ROOT_SCOPE_ID_`           varchar(255) COLLATE utf8_bin DEFAULT NULL,
    `ROOT_SCOPE_TYPE_`         varchar(255) COLLATE utf8_bin DEFAULT NULL,
    `HIERARCHY_TYPE_`          varchar(255) COLLATE utf8_bin DEFAULT NULL,
    PRIMARY KEY (`ID_`),
    KEY `ACT_IDX_ENT_LNK_SCOPE` (`SCOPE_ID_`, `SCOPE_TYPE_`, `LINK_TYPE_`),
    KEY `ACT_IDX_ENT_LNK_ROOT_SCOPE` (`ROOT_SCOPE_ID_`, `ROOT_SCOPE_TYPE_`, `LINK_TYPE_`),
    KEY `ACT_IDX_ENT_LNK_SCOPE_DEF` (`SCOPE_DEFINITION_ID_`, `SCOPE_TYPE_`, `LINK_TYPE_`)
) ENGINE = InnoDB
  DEFAULT CHARSET = utf8mb4
  COLLATE = utf8mb4_general_ci;

-- ----------------------------
-- Records of ACT_RU_ENTITYLINK
-- ----------------------------


-- ----------------------------
-- Table structure for ACT_RU_EVENT_SUBSCR
-- ----------------------------
DROP TABLE IF EXISTS `ACT_RU_EVENT_SUBSCR`;
CREATE TABLE `ACT_RU_EVENT_SUBSCR`
(
    `ID_`                  varchar(64) COLLATE utf8_bin  NOT NULL,
    `REV_`                 int(11)                                DEFAULT NULL,
    `EVENT_TYPE_`          varchar(255) COLLATE utf8_bin NOT NULL,
    `EVENT_NAME_`          varchar(255) COLLATE utf8_bin          DEFAULT NULL,
    `EXECUTION_ID_`        varchar(64) COLLATE utf8_bin           DEFAULT NULL,
    `PROC_INST_ID_`        varchar(64) COLLATE utf8_bin           DEFAULT NULL,
    `ACTIVITY_ID_`         varchar(64) COLLATE utf8_bin           DEFAULT NULL,
    `CONFIGURATION_`       varchar(255) COLLATE utf8_bin          DEFAULT NULL,
    `CREATED_`             timestamp(3)                  NOT NULL DEFAULT CURRENT_TIMESTAMP(3),
    `PROC_DEF_ID_`         varchar(64) COLLATE utf8_bin           DEFAULT NULL,
    `SUB_SCOPE_ID_`        varchar(64) COLLATE utf8_bin           DEFAULT NULL,
    `SCOPE_ID_`            varchar(64) COLLATE utf8_bin           DEFAULT NULL,
    `SCOPE_DEFINITION_ID_` varchar(64) COLLATE utf8_bin           DEFAULT NULL,
    `SCOPE_TYPE_`          varchar(64) COLLATE utf8_bin           DEFAULT NULL,
    `TENANT_ID_`           varchar(255) COLLATE utf8_bin          DEFAULT '',
    PRIMARY KEY (`ID_`),
    KEY `ACT_IDX_EVENT_SUBSCR_CONFIG_` (`CONFIGURATION_`),
    KEY `ACT_FK_EVENT_EXEC` (`EXECUTION_ID_`),
    CONSTRAINT `ACT_FK_EVENT_EXEC` FOREIGN KEY (`EXECUTION_ID_`) REFERENCES `ACT_RU_EXECUTION` (`ID_`)
) ENGINE = InnoDB
  DEFAULT CHARSET = utf8mb4
  COLLATE = utf8mb4_general_ci;

-- ----------------------------
-- Records of ACT_RU_EVENT_SUBSCR
-- ----------------------------


-- ----------------------------
-- Table structure for ACT_RU_EXECUTION
-- ----------------------------
DROP TABLE IF EXISTS `ACT_RU_EXECUTION`;
CREATE TABLE `ACT_RU_EXECUTION`
(
    `ID_`                        varchar(64) COLLATE utf8_bin NOT NULL,
    `REV_`                       int(11)                           DEFAULT NULL,
    `PROC_INST_ID_`              varchar(64) COLLATE utf8_bin      DEFAULT NULL,
    `BUSINESS_KEY_`              varchar(255) COLLATE utf8_bin     DEFAULT NULL,
    `PARENT_ID_`                 varchar(64) COLLATE utf8_bin      DEFAULT NULL,
    `PROC_DEF_ID_`               varchar(64) COLLATE utf8_bin      DEFAULT NULL,
    `SUPER_EXEC_`                varchar(64) COLLATE utf8_bin      DEFAULT NULL,
    `ROOT_PROC_INST_ID_`         varchar(64) COLLATE utf8_bin      DEFAULT NULL,
    `ACT_ID_`                    varchar(255) COLLATE utf8_bin     DEFAULT NULL,
    `IS_ACTIVE_`                 tinyint(4)                        DEFAULT NULL,
    `IS_CONCURRENT_`             tinyint(4)                        DEFAULT NULL,
    `IS_SCOPE_`                  tinyint(4)                        DEFAULT NULL,
    `IS_EVENT_SCOPE_`            tinyint(4)                        DEFAULT NULL,
    `IS_MI_ROOT_`                tinyint(4)                        DEFAULT NULL,
    `SUSPENSION_STATE_`          int(11)                           DEFAULT NULL,
    `CACHED_ENT_STATE_`          int(11)                           DEFAULT NULL,
    `TENANT_ID_`                 varchar(255) COLLATE utf8_bin     DEFAULT '',
    `NAME_`                      varchar(255) COLLATE utf8_bin     DEFAULT NULL,
    `START_ACT_ID_`              varchar(255) COLLATE utf8_bin     DEFAULT NULL,
    `START_TIME_`                datetime(3)                       DEFAULT NULL,
    `START_USER_ID_`             varchar(255) COLLATE utf8_bin     DEFAULT NULL,
    `LOCK_TIME_`                 timestamp(3)                 NULL DEFAULT NULL,
    `LOCK_OWNER_`                varchar(255) COLLATE utf8_bin     DEFAULT NULL,
    `IS_COUNT_ENABLED_`          tinyint(4)                        DEFAULT NULL,
    `EVT_SUBSCR_COUNT_`          int(11)                           DEFAULT NULL,
    `TASK_COUNT_`                int(11)                           DEFAULT NULL,
    `JOB_COUNT_`                 int(11)                           DEFAULT NULL,
    `TIMER_JOB_COUNT_`           int(11)                           DEFAULT NULL,
    `SUSP_JOB_COUNT_`            int(11)                           DEFAULT NULL,
    `DEADLETTER_JOB_COUNT_`      int(11)                           DEFAULT NULL,
    `EXTERNAL_WORKER_JOB_COUNT_` int(11)                           DEFAULT NULL,
    `VAR_COUNT_`                 int(11)                           DEFAULT NULL,
    `ID_LINK_COUNT_`             int(11)                           DEFAULT NULL,
    `CALLBACK_ID_`               varchar(255) COLLATE utf8_bin     DEFAULT NULL,
    `CALLBACK_TYPE_`             varchar(255) COLLATE utf8_bin     DEFAULT NULL,
    `REFERENCE_ID_`              varchar(255) COLLATE utf8_bin     DEFAULT NULL,
    `REFERENCE_TYPE_`            varchar(255) COLLATE utf8_bin     DEFAULT NULL,
    `PROPAGATED_STAGE_INST_ID_`  varchar(255) COLLATE utf8_bin     DEFAULT NULL,
    PRIMARY KEY (`ID_`),
    KEY `ACT_IDX_EXEC_BUSKEY` (`BUSINESS_KEY_`),
    KEY `ACT_IDC_EXEC_ROOT` (`ROOT_PROC_INST_ID_`),
    KEY `ACT_FK_EXE_PROCINST` (`PROC_INST_ID_`),
    KEY `ACT_FK_EXE_PARENT` (`PARENT_ID_`),
    KEY `ACT_FK_EXE_SUPER` (`SUPER_EXEC_`),
    KEY `ACT_FK_EXE_PROCDEF` (`PROC_DEF_ID_`),
    CONSTRAINT `ACT_FK_EXE_PARENT` FOREIGN KEY (`PARENT_ID_`) REFERENCES `ACT_RU_EXECUTION` (`ID_`) ON DELETE CASCADE,
    CONSTRAINT `ACT_FK_EXE_PROCDEF` FOREIGN KEY (`PROC_DEF_ID_`) REFERENCES `ACT_RE_PROCDEF` (`ID_`),
    CONSTRAINT `ACT_FK_EXE_PROCINST` FOREIGN KEY (`PROC_INST_ID_`) REFERENCES `ACT_RU_EXECUTION` (`ID_`) ON DELETE CASCADE ON UPDATE CASCADE,
    CONSTRAINT `ACT_FK_EXE_SUPER` FOREIGN KEY (`SUPER_EXEC_`) REFERENCES `ACT_RU_EXECUTION` (`ID_`) ON DELETE CASCADE
) ENGINE = InnoDB
  DEFAULT CHARSET = utf8mb4
  COLLATE = utf8mb4_general_ci;

-- ----------------------------
-- Records of ACT_RU_EXECUTION
-- ----------------------------


-- ----------------------------
-- Table structure for ACT_RU_EXTERNAL_JOB
-- ----------------------------
DROP TABLE IF EXISTS `ACT_RU_EXTERNAL_JOB`;
CREATE TABLE `ACT_RU_EXTERNAL_JOB`
(
    `ID_`                  varchar(64) COLLATE utf8_bin  NOT NULL,
    `REV_`                 int(11)                            DEFAULT NULL,
    `CATEGORY_`            varchar(255) COLLATE utf8_bin      DEFAULT NULL,
    `TYPE_`                varchar(255) COLLATE utf8_bin NOT NULL,
    `LOCK_EXP_TIME_`       timestamp(3)                  NULL DEFAULT NULL,
    `LOCK_OWNER_`          varchar(255) COLLATE utf8_bin      DEFAULT NULL,
    `EXCLUSIVE_`           tinyint(1)                         DEFAULT NULL,
    `EXECUTION_ID_`        varchar(64) COLLATE utf8_bin       DEFAULT NULL,
    `PROCESS_INSTANCE_ID_` varchar(64) COLLATE utf8_bin       DEFAULT NULL,
    `PROC_DEF_ID_`         varchar(64) COLLATE utf8_bin       DEFAULT NULL,
    `ELEMENT_ID_`          varchar(255) COLLATE utf8_bin      DEFAULT NULL,
    `ELEMENT_NAME_`        varchar(255) COLLATE utf8_bin      DEFAULT NULL,
    `SCOPE_ID_`            varchar(255) COLLATE utf8_bin      DEFAULT NULL,
    `SUB_SCOPE_ID_`        varchar(255) COLLATE utf8_bin      DEFAULT NULL,
    `SCOPE_TYPE_`          varchar(255) COLLATE utf8_bin      DEFAULT NULL,
    `SCOPE_DEFINITION_ID_` varchar(255) COLLATE utf8_bin      DEFAULT NULL,
    `CORRELATION_ID_`      varchar(255) COLLATE utf8_bin      DEFAULT NULL,
    `RETRIES_`             int(11)                            DEFAULT NULL,
    `EXCEPTION_STACK_ID_`  varchar(64) COLLATE utf8_bin       DEFAULT NULL,
    `EXCEPTION_MSG_`       varchar(4000) COLLATE utf8_bin     DEFAULT NULL,
    `DUEDATE_`             timestamp(3)                  NULL DEFAULT NULL,
    `REPEAT_`              varchar(255) COLLATE utf8_bin      DEFAULT NULL,
    `HANDLER_TYPE_`        varchar(255) COLLATE utf8_bin      DEFAULT NULL,
    `HANDLER_CFG_`         varchar(4000) COLLATE utf8_bin     DEFAULT NULL,
    `CUSTOM_VALUES_ID_`    varchar(64) COLLATE utf8_bin       DEFAULT NULL,
    `CREATE_TIME_`         timestamp(3)                  NULL DEFAULT NULL,
    `TENANT_ID_`           varchar(255) COLLATE utf8_bin      DEFAULT '',
    PRIMARY KEY (`ID_`),
    KEY `ACT_IDX_EXTERNAL_JOB_EXCEPTION_STACK_ID` (`EXCEPTION_STACK_ID_`),
    KEY `ACT_IDX_EXTERNAL_JOB_CUSTOM_VALUES_ID` (`CUSTOM_VALUES_ID_`),
    KEY `ACT_IDX_EXTERNAL_JOB_CORRELATION_ID` (`CORRELATION_ID_`),
    KEY `ACT_IDX_EJOB_SCOPE` (`SCOPE_ID_`, `SCOPE_TYPE_`),
    KEY `ACT_IDX_EJOB_SUB_SCOPE` (`SUB_SCOPE_ID_`, `SCOPE_TYPE_`),
    KEY `ACT_IDX_EJOB_SCOPE_DEF` (`SCOPE_DEFINITION_ID_`, `SCOPE_TYPE_`),
    CONSTRAINT `ACT_FK_EXTERNAL_JOB_CUSTOM_VALUES` FOREIGN KEY (`CUSTOM_VALUES_ID_`) REFERENCES `ACT_GE_BYTEARRAY` (`ID_`),
    CONSTRAINT `ACT_FK_EXTERNAL_JOB_EXCEPTION` FOREIGN KEY (`EXCEPTION_STACK_ID_`) REFERENCES `ACT_GE_BYTEARRAY` (`ID_`)
) ENGINE = InnoDB
  DEFAULT CHARSET = utf8mb4
  COLLATE = utf8mb4_general_ci;

-- ----------------------------
-- Records of ACT_RU_EXTERNAL_JOB
-- ----------------------------


-- ----------------------------
-- Table structure for ACT_RU_HISTORY_JOB
-- ----------------------------
DROP TABLE IF EXISTS `ACT_RU_HISTORY_JOB`;
CREATE TABLE `ACT_RU_HISTORY_JOB`
(
    `ID_`                 varchar(64) COLLATE utf8_bin NOT NULL,
    `REV_`                int(11)                           DEFAULT NULL,
    `LOCK_EXP_TIME_`      timestamp(3)                 NULL DEFAULT NULL,
    `LOCK_OWNER_`         varchar(255) COLLATE utf8_bin     DEFAULT NULL,
    `RETRIES_`            int(11)                           DEFAULT NULL,
    `EXCEPTION_STACK_ID_` varchar(64) COLLATE utf8_bin      DEFAULT NULL,
    `EXCEPTION_MSG_`      varchar(4000) COLLATE utf8_bin    DEFAULT NULL,
    `HANDLER_TYPE_`       varchar(255) COLLATE utf8_bin     DEFAULT NULL,
    `HANDLER_CFG_`        varchar(4000) COLLATE utf8_bin    DEFAULT NULL,
    `CUSTOM_VALUES_ID_`   varchar(64) COLLATE utf8_bin      DEFAULT NULL,
    `ADV_HANDLER_CFG_ID_` varchar(64) COLLATE utf8_bin      DEFAULT NULL,
    `CREATE_TIME_`        timestamp(3)                 NULL DEFAULT NULL,
    `SCOPE_TYPE_`         varchar(255) COLLATE utf8_bin     DEFAULT NULL,
    `TENANT_ID_`          varchar(255) COLLATE utf8_bin     DEFAULT '',
    PRIMARY KEY (`ID_`)
) ENGINE = InnoDB
  DEFAULT CHARSET = utf8mb4
  COLLATE = utf8mb4_general_ci;

-- ----------------------------
-- Records of ACT_RU_HISTORY_JOB
-- ----------------------------


-- ----------------------------
-- Table structure for ACT_RU_IDENTITYLINK
-- ----------------------------
DROP TABLE IF EXISTS `ACT_RU_IDENTITYLINK`;
CREATE TABLE `ACT_RU_IDENTITYLINK`
(
    `ID_`                  varchar(64) COLLATE utf8_bin NOT NULL,
    `REV_`                 int(11)                       DEFAULT NULL,
    `GROUP_ID_`            varchar(255) COLLATE utf8_bin DEFAULT NULL,
    `TYPE_`                varchar(255) COLLATE utf8_bin DEFAULT NULL,
    `USER_ID_`             varchar(255) COLLATE utf8_bin DEFAULT NULL,
    `TASK_ID_`             varchar(64) COLLATE utf8_bin  DEFAULT NULL,
    `PROC_INST_ID_`        varchar(64) COLLATE utf8_bin  DEFAULT NULL,
    `PROC_DEF_ID_`         varchar(64) COLLATE utf8_bin  DEFAULT NULL,
    `SCOPE_ID_`            varchar(255) COLLATE utf8_bin DEFAULT NULL,
    `SUB_SCOPE_ID_`        varchar(255) COLLATE utf8_bin DEFAULT NULL,
    `SCOPE_TYPE_`          varchar(255) COLLATE utf8_bin DEFAULT NULL,
    `SCOPE_DEFINITION_ID_` varchar(255) COLLATE utf8_bin DEFAULT NULL,
    PRIMARY KEY (`ID_`),
    KEY `ACT_IDX_IDENT_LNK_USER` (`USER_ID_`),
    KEY `ACT_IDX_IDENT_LNK_GROUP` (`GROUP_ID_`),
    KEY `ACT_IDX_IDENT_LNK_SCOPE` (`SCOPE_ID_`, `SCOPE_TYPE_`),
    KEY `ACT_IDX_IDENT_LNK_SUB_SCOPE` (`SUB_SCOPE_ID_`, `SCOPE_TYPE_`),
    KEY `ACT_IDX_IDENT_LNK_SCOPE_DEF` (`SCOPE_DEFINITION_ID_`, `SCOPE_TYPE_`),
    KEY `ACT_IDX_ATHRZ_PROCEDEF` (`PROC_DEF_ID_`),
    KEY `ACT_FK_TSKASS_TASK` (`TASK_ID_`),
    KEY `ACT_FK_IDL_PROCINST` (`PROC_INST_ID_`),
    CONSTRAINT `ACT_FK_ATHRZ_PROCEDEF` FOREIGN KEY (`PROC_DEF_ID_`) REFERENCES `ACT_RE_PROCDEF` (`ID_`),
    CONSTRAINT `ACT_FK_IDL_PROCINST` FOREIGN KEY (`PROC_INST_ID_`) REFERENCES `ACT_RU_EXECUTION` (`ID_`),
    CONSTRAINT `ACT_FK_TSKASS_TASK` FOREIGN KEY (`TASK_ID_`) REFERENCES `ACT_RU_TASK` (`ID_`)
) ENGINE = InnoDB
  DEFAULT CHARSET = utf8mb4
  COLLATE = utf8mb4_general_ci;

-- ----------------------------
-- Records of ACT_RU_IDENTITYLINK
-- ----------------------------


-- ----------------------------
-- Table structure for ACT_RU_JOB
-- ----------------------------
DROP TABLE IF EXISTS `ACT_RU_JOB`;
CREATE TABLE `ACT_RU_JOB`
(
    `ID_`                  varchar(64) COLLATE utf8_bin  NOT NULL,
    `REV_`                 int(11)                            DEFAULT NULL,
    `CATEGORY_`            varchar(255) COLLATE utf8_bin      DEFAULT NULL,
    `TYPE_`                varchar(255) COLLATE utf8_bin NOT NULL,
    `LOCK_EXP_TIME_`       timestamp(3)                  NULL DEFAULT NULL,
    `LOCK_OWNER_`          varchar(255) COLLATE utf8_bin      DEFAULT NULL,
    `EXCLUSIVE_`           tinyint(1)                         DEFAULT NULL,
    `EXECUTION_ID_`        varchar(64) COLLATE utf8_bin       DEFAULT NULL,
    `PROCESS_INSTANCE_ID_` varchar(64) COLLATE utf8_bin       DEFAULT NULL,
    `PROC_DEF_ID_`         varchar(64) COLLATE utf8_bin       DEFAULT NULL,
    `ELEMENT_ID_`          varchar(255) COLLATE utf8_bin      DEFAULT NULL,
    `ELEMENT_NAME_`        varchar(255) COLLATE utf8_bin      DEFAULT NULL,
    `SCOPE_ID_`            varchar(255) COLLATE utf8_bin      DEFAULT NULL,
    `SUB_SCOPE_ID_`        varchar(255) COLLATE utf8_bin      DEFAULT NULL,
    `SCOPE_TYPE_`          varchar(255) COLLATE utf8_bin      DEFAULT NULL,
    `SCOPE_DEFINITION_ID_` varchar(255) COLLATE utf8_bin      DEFAULT NULL,
    `CORRELATION_ID_`      varchar(255) COLLATE utf8_bin      DEFAULT NULL,
    `RETRIES_`             int(11)                            DEFAULT NULL,
    `EXCEPTION_STACK_ID_`  varchar(64) COLLATE utf8_bin       DEFAULT NULL,
    `EXCEPTION_MSG_`       varchar(4000) COLLATE utf8_bin     DEFAULT NULL,
    `DUEDATE_`             timestamp(3)                  NULL DEFAULT NULL,
    `REPEAT_`              varchar(255) COLLATE utf8_bin      DEFAULT NULL,
    `HANDLER_TYPE_`        varchar(255) COLLATE utf8_bin      DEFAULT NULL,
    `HANDLER_CFG_`         varchar(4000) COLLATE utf8_bin     DEFAULT NULL,
    `CUSTOM_VALUES_ID_`    varchar(64) COLLATE utf8_bin       DEFAULT NULL,
    `CREATE_TIME_`         timestamp(3)                  NULL DEFAULT NULL,
    `TENANT_ID_`           varchar(255) COLLATE utf8_bin      DEFAULT '',
    PRIMARY KEY (`ID_`),
    KEY `ACT_IDX_JOB_EXCEPTION_STACK_ID` (`EXCEPTION_STACK_ID_`),
    KEY `ACT_IDX_JOB_CUSTOM_VALUES_ID` (`CUSTOM_VALUES_ID_`),
    KEY `ACT_IDX_JOB_CORRELATION_ID` (`CORRELATION_ID_`),
    KEY `ACT_IDX_JOB_SCOPE` (`SCOPE_ID_`, `SCOPE_TYPE_`),
    KEY `ACT_IDX_JOB_SUB_SCOPE` (`SUB_SCOPE_ID_`, `SCOPE_TYPE_`),
    KEY `ACT_IDX_JOB_SCOPE_DEF` (`SCOPE_DEFINITION_ID_`, `SCOPE_TYPE_`),
    KEY `ACT_FK_JOB_EXECUTION` (`EXECUTION_ID_`),
    KEY `ACT_FK_JOB_PROCESS_INSTANCE` (`PROCESS_INSTANCE_ID_`),
    KEY `ACT_FK_JOB_PROC_DEF` (`PROC_DEF_ID_`),
    CONSTRAINT `ACT_FK_JOB_CUSTOM_VALUES` FOREIGN KEY (`CUSTOM_VALUES_ID_`) REFERENCES `ACT_GE_BYTEARRAY` (`ID_`),
    CONSTRAINT `ACT_FK_JOB_EXCEPTION` FOREIGN KEY (`EXCEPTION_STACK_ID_`) REFERENCES `ACT_GE_BYTEARRAY` (`ID_`),
    CONSTRAINT `ACT_FK_JOB_EXECUTION` FOREIGN KEY (`EXECUTION_ID_`) REFERENCES `ACT_RU_EXECUTION` (`ID_`),
    CONSTRAINT `ACT_FK_JOB_PROCESS_INSTANCE` FOREIGN KEY (`PROCESS_INSTANCE_ID_`) REFERENCES `ACT_RU_EXECUTION` (`ID_`),
    CONSTRAINT `ACT_FK_JOB_PROC_DEF` FOREIGN KEY (`PROC_DEF_ID_`) REFERENCES `ACT_RE_PROCDEF` (`ID_`)
) ENGINE = InnoDB
  DEFAULT CHARSET = utf8mb4
  COLLATE = utf8mb4_general_ci;

-- ----------------------------
-- Records of ACT_RU_JOB
-- ----------------------------


-- ----------------------------
-- Table structure for ACT_RU_SUSPENDED_JOB
-- ----------------------------
DROP TABLE IF EXISTS `ACT_RU_SUSPENDED_JOB`;
CREATE TABLE `ACT_RU_SUSPENDED_JOB`
(
    `ID_`                  varchar(64) COLLATE utf8_bin  NOT NULL,
    `REV_`                 int(11)                            DEFAULT NULL,
    `CATEGORY_`            varchar(255) COLLATE utf8_bin      DEFAULT NULL,
    `TYPE_`                varchar(255) COLLATE utf8_bin NOT NULL,
    `EXCLUSIVE_`           tinyint(1)                         DEFAULT NULL,
    `EXECUTION_ID_`        varchar(64) COLLATE utf8_bin       DEFAULT NULL,
    `PROCESS_INSTANCE_ID_` varchar(64) COLLATE utf8_bin       DEFAULT NULL,
    `PROC_DEF_ID_`         varchar(64) COLLATE utf8_bin       DEFAULT NULL,
    `ELEMENT_ID_`          varchar(255) COLLATE utf8_bin      DEFAULT NULL,
    `ELEMENT_NAME_`        varchar(255) COLLATE utf8_bin      DEFAULT NULL,
    `SCOPE_ID_`            varchar(255) COLLATE utf8_bin      DEFAULT NULL,
    `SUB_SCOPE_ID_`        varchar(255) COLLATE utf8_bin      DEFAULT NULL,
    `SCOPE_TYPE_`          varchar(255) COLLATE utf8_bin      DEFAULT NULL,
    `SCOPE_DEFINITION_ID_` varchar(255) COLLATE utf8_bin      DEFAULT NULL,
    `CORRELATION_ID_`      varchar(255) COLLATE utf8_bin      DEFAULT NULL,
    `RETRIES_`             int(11)                            DEFAULT NULL,
    `EXCEPTION_STACK_ID_`  varchar(64) COLLATE utf8_bin       DEFAULT NULL,
    `EXCEPTION_MSG_`       varchar(4000) COLLATE utf8_bin     DEFAULT NULL,
    `DUEDATE_`             timestamp(3)                  NULL DEFAULT NULL,
    `REPEAT_`              varchar(255) COLLATE utf8_bin      DEFAULT NULL,
    `HANDLER_TYPE_`        varchar(255) COLLATE utf8_bin      DEFAULT NULL,
    `HANDLER_CFG_`         varchar(4000) COLLATE utf8_bin     DEFAULT NULL,
    `CUSTOM_VALUES_ID_`    varchar(64) COLLATE utf8_bin       DEFAULT NULL,
    `CREATE_TIME_`         timestamp(3)                  NULL DEFAULT NULL,
    `TENANT_ID_`           varchar(255) COLLATE utf8_bin      DEFAULT '',
    PRIMARY KEY (`ID_`),
    KEY `ACT_IDX_SUSPENDED_JOB_EXCEPTION_STACK_ID` (`EXCEPTION_STACK_ID_`),
    KEY `ACT_IDX_SUSPENDED_JOB_CUSTOM_VALUES_ID` (`CUSTOM_VALUES_ID_`),
    KEY `ACT_IDX_SUSPENDED_JOB_CORRELATION_ID` (`CORRELATION_ID_`),
    KEY `ACT_IDX_SJOB_SCOPE` (`SCOPE_ID_`, `SCOPE_TYPE_`),
    KEY `ACT_IDX_SJOB_SUB_SCOPE` (`SUB_SCOPE_ID_`, `SCOPE_TYPE_`),
    KEY `ACT_IDX_SJOB_SCOPE_DEF` (`SCOPE_DEFINITION_ID_`, `SCOPE_TYPE_`),
    KEY `ACT_FK_SUSPENDED_JOB_EXECUTION` (`EXECUTION_ID_`),
    KEY `ACT_FK_SUSPENDED_JOB_PROCESS_INSTANCE` (`PROCESS_INSTANCE_ID_`),
    KEY `ACT_FK_SUSPENDED_JOB_PROC_DEF` (`PROC_DEF_ID_`),
    CONSTRAINT `ACT_FK_SUSPENDED_JOB_CUSTOM_VALUES` FOREIGN KEY (`CUSTOM_VALUES_ID_`) REFERENCES `ACT_GE_BYTEARRAY` (`ID_`),
    CONSTRAINT `ACT_FK_SUSPENDED_JOB_EXCEPTION` FOREIGN KEY (`EXCEPTION_STACK_ID_`) REFERENCES `ACT_GE_BYTEARRAY` (`ID_`),
    CONSTRAINT `ACT_FK_SUSPENDED_JOB_EXECUTION` FOREIGN KEY (`EXECUTION_ID_`) REFERENCES `ACT_RU_EXECUTION` (`ID_`),
    CONSTRAINT `ACT_FK_SUSPENDED_JOB_PROCESS_INSTANCE` FOREIGN KEY (`PROCESS_INSTANCE_ID_`) REFERENCES `ACT_RU_EXECUTION` (`ID_`),
    CONSTRAINT `ACT_FK_SUSPENDED_JOB_PROC_DEF` FOREIGN KEY (`PROC_DEF_ID_`) REFERENCES `ACT_RE_PROCDEF` (`ID_`)
) ENGINE = InnoDB
  DEFAULT CHARSET = utf8mb4
  COLLATE = utf8mb4_general_ci;

-- ----------------------------
-- Records of ACT_RU_SUSPENDED_JOB
-- ----------------------------


-- ----------------------------
-- Table structure for ACT_RU_TASK
-- ----------------------------
DROP TABLE IF EXISTS `ACT_RU_TASK`;
CREATE TABLE `ACT_RU_TASK`
(
    `ID_`                       varchar(64) COLLATE utf8_bin NOT NULL,
    `REV_`                      int(11)                           DEFAULT NULL,
    `EXECUTION_ID_`             varchar(64) COLLATE utf8_bin      DEFAULT NULL,
    `PROC_INST_ID_`             varchar(64) COLLATE utf8_bin      DEFAULT NULL,
    `PROC_DEF_ID_`              varchar(64) COLLATE utf8_bin      DEFAULT NULL,
    `TASK_DEF_ID_`              varchar(64) COLLATE utf8_bin      DEFAULT NULL,
    `SCOPE_ID_`                 varchar(255) COLLATE utf8_bin     DEFAULT NULL,
    `SUB_SCOPE_ID_`             varchar(255) COLLATE utf8_bin     DEFAULT NULL,
    `SCOPE_TYPE_`               varchar(255) COLLATE utf8_bin     DEFAULT NULL,
    `SCOPE_DEFINITION_ID_`      varchar(255) COLLATE utf8_bin     DEFAULT NULL,
    `PROPAGATED_STAGE_INST_ID_` varchar(255) COLLATE utf8_bin     DEFAULT NULL,
    `NAME_`                     varchar(255) COLLATE utf8_bin     DEFAULT NULL,
    `PARENT_TASK_ID_`           varchar(64) COLLATE utf8_bin      DEFAULT NULL,
    `DESCRIPTION_`              varchar(4000) COLLATE utf8_bin    DEFAULT NULL,
    `TASK_DEF_KEY_`             varchar(255) COLLATE utf8_bin     DEFAULT NULL,
    `OWNER_`                    varchar(255) COLLATE utf8_bin     DEFAULT NULL,
    `ASSIGNEE_`                 varchar(255) COLLATE utf8_bin     DEFAULT NULL,
    `DELEGATION_`               varchar(64) COLLATE utf8_bin      DEFAULT NULL,
    `PRIORITY_`                 int(11)                           DEFAULT NULL,
    `CREATE_TIME_`              timestamp(3)                 NULL DEFAULT NULL,
    `DUE_DATE_`                 datetime(3)                       DEFAULT NULL,
    `CATEGORY_`                 varchar(255) COLLATE utf8_bin     DEFAULT NULL,
    `SUSPENSION_STATE_`         int(11)                           DEFAULT NULL,
    `TENANT_ID_`                varchar(255) COLLATE utf8_bin     DEFAULT '',
    `FORM_KEY_`                 varchar(255) COLLATE utf8_bin     DEFAULT NULL,
    `CLAIM_TIME_`               datetime(3)                       DEFAULT NULL,
    `IS_COUNT_ENABLED_`         tinyint(4)                        DEFAULT NULL,
    `VAR_COUNT_`                int(11)                           DEFAULT NULL,
    `ID_LINK_COUNT_`            int(11)                           DEFAULT NULL,
    `SUB_TASK_COUNT_`           int(11)                           DEFAULT NULL,
    PRIMARY KEY (`ID_`),
    KEY `ACT_IDX_TASK_CREATE` (`CREATE_TIME_`),
    KEY `ACT_IDX_TASK_SCOPE` (`SCOPE_ID_`, `SCOPE_TYPE_`),
    KEY `ACT_IDX_TASK_SUB_SCOPE` (`SUB_SCOPE_ID_`, `SCOPE_TYPE_`),
    KEY `ACT_IDX_TASK_SCOPE_DEF` (`SCOPE_DEFINITION_ID_`, `SCOPE_TYPE_`),
    KEY `ACT_FK_TASK_EXE` (`EXECUTION_ID_`),
    KEY `ACT_FK_TASK_PROCINST` (`PROC_INST_ID_`),
    KEY `ACT_FK_TASK_PROCDEF` (`PROC_DEF_ID_`),
    CONSTRAINT `ACT_FK_TASK_EXE` FOREIGN KEY (`EXECUTION_ID_`) REFERENCES `ACT_RU_EXECUTION` (`ID_`),
    CONSTRAINT `ACT_FK_TASK_PROCDEF` FOREIGN KEY (`PROC_DEF_ID_`) REFERENCES `ACT_RE_PROCDEF` (`ID_`),
    CONSTRAINT `ACT_FK_TASK_PROCINST` FOREIGN KEY (`PROC_INST_ID_`) REFERENCES `ACT_RU_EXECUTION` (`ID_`)
) ENGINE = InnoDB
  DEFAULT CHARSET = utf8mb4
  COLLATE = utf8mb4_general_ci;

-- ----------------------------
-- Records of ACT_RU_TASK
-- ----------------------------


-- ----------------------------
-- Table structure for ACT_RU_TIMER_JOB
-- ----------------------------
DROP TABLE IF EXISTS `ACT_RU_TIMER_JOB`;
CREATE TABLE `ACT_RU_TIMER_JOB`
(
    `ID_`                  varchar(64) COLLATE utf8_bin  NOT NULL,
    `REV_`                 int(11)                            DEFAULT NULL,
    `CATEGORY_`            varchar(255) COLLATE utf8_bin      DEFAULT NULL,
    `TYPE_`                varchar(255) COLLATE utf8_bin NOT NULL,
    `LOCK_EXP_TIME_`       timestamp(3)                  NULL DEFAULT NULL,
    `LOCK_OWNER_`          varchar(255) COLLATE utf8_bin      DEFAULT NULL,
    `EXCLUSIVE_`           tinyint(1)                         DEFAULT NULL,
    `EXECUTION_ID_`        varchar(64) COLLATE utf8_bin       DEFAULT NULL,
    `PROCESS_INSTANCE_ID_` varchar(64) COLLATE utf8_bin       DEFAULT NULL,
    `PROC_DEF_ID_`         varchar(64) COLLATE utf8_bin       DEFAULT NULL,
    `ELEMENT_ID_`          varchar(255) COLLATE utf8_bin      DEFAULT NULL,
    `ELEMENT_NAME_`        varchar(255) COLLATE utf8_bin      DEFAULT NULL,
    `SCOPE_ID_`            varchar(255) COLLATE utf8_bin      DEFAULT NULL,
    `SUB_SCOPE_ID_`        varchar(255) COLLATE utf8_bin      DEFAULT NULL,
    `SCOPE_TYPE_`          varchar(255) COLLATE utf8_bin      DEFAULT NULL,
    `SCOPE_DEFINITION_ID_` varchar(255) COLLATE utf8_bin      DEFAULT NULL,
    `CORRELATION_ID_`      varchar(255) COLLATE utf8_bin      DEFAULT NULL,
    `RETRIES_`             int(11)                            DEFAULT NULL,
    `EXCEPTION_STACK_ID_`  varchar(64) COLLATE utf8_bin       DEFAULT NULL,
    `EXCEPTION_MSG_`       varchar(4000) COLLATE utf8_bin     DEFAULT NULL,
    `DUEDATE_`             timestamp(3)                  NULL DEFAULT NULL,
    `REPEAT_`              varchar(255) COLLATE utf8_bin      DEFAULT NULL,
    `HANDLER_TYPE_`        varchar(255) COLLATE utf8_bin      DEFAULT NULL,
    `HANDLER_CFG_`         varchar(4000) COLLATE utf8_bin     DEFAULT NULL,
    `CUSTOM_VALUES_ID_`    varchar(64) COLLATE utf8_bin       DEFAULT NULL,
    `CREATE_TIME_`         timestamp(3)                  NULL DEFAULT NULL,
    `TENANT_ID_`           varchar(255) COLLATE utf8_bin      DEFAULT '',
    PRIMARY KEY (`ID_`),
    KEY `ACT_IDX_TIMER_JOB_EXCEPTION_STACK_ID` (`EXCEPTION_STACK_ID_`),
    KEY `ACT_IDX_TIMER_JOB_CUSTOM_VALUES_ID` (`CUSTOM_VALUES_ID_`),
    KEY `ACT_IDX_TIMER_JOB_CORRELATION_ID` (`CORRELATION_ID_`),
    KEY `ACT_IDX_TJOB_SCOPE` (`SCOPE_ID_`, `SCOPE_TYPE_`),
    KEY `ACT_IDX_TJOB_SUB_SCOPE` (`SUB_SCOPE_ID_`, `SCOPE_TYPE_`),
    KEY `ACT_IDX_TJOB_SCOPE_DEF` (`SCOPE_DEFINITION_ID_`, `SCOPE_TYPE_`),
    KEY `ACT_FK_TIMER_JOB_EXECUTION` (`EXECUTION_ID_`),
    KEY `ACT_FK_TIMER_JOB_PROCESS_INSTANCE` (`PROCESS_INSTANCE_ID_`),
    KEY `ACT_FK_TIMER_JOB_PROC_DEF` (`PROC_DEF_ID_`),
    CONSTRAINT `ACT_FK_TIMER_JOB_CUSTOM_VALUES` FOREIGN KEY (`CUSTOM_VALUES_ID_`) REFERENCES `ACT_GE_BYTEARRAY` (`ID_`),
    CONSTRAINT `ACT_FK_TIMER_JOB_EXCEPTION` FOREIGN KEY (`EXCEPTION_STACK_ID_`) REFERENCES `ACT_GE_BYTEARRAY` (`ID_`),
    CONSTRAINT `ACT_FK_TIMER_JOB_EXECUTION` FOREIGN KEY (`EXECUTION_ID_`) REFERENCES `ACT_RU_EXECUTION` (`ID_`),
    CONSTRAINT `ACT_FK_TIMER_JOB_PROCESS_INSTANCE` FOREIGN KEY (`PROCESS_INSTANCE_ID_`) REFERENCES `ACT_RU_EXECUTION` (`ID_`),
    CONSTRAINT `ACT_FK_TIMER_JOB_PROC_DEF` FOREIGN KEY (`PROC_DEF_ID_`) REFERENCES `ACT_RE_PROCDEF` (`ID_`)
) ENGINE = InnoDB
  DEFAULT CHARSET = utf8mb4
  COLLATE = utf8mb4_general_ci;

-- ----------------------------
-- Records of ACT_RU_TIMER_JOB
-- ----------------------------


-- ----------------------------
-- Table structure for ACT_RU_VARIABLE
-- ----------------------------
DROP TABLE IF EXISTS `ACT_RU_VARIABLE`;
CREATE TABLE `ACT_RU_VARIABLE`
(
    `ID_`           varchar(64) COLLATE utf8_bin  NOT NULL,
    `REV_`          int(11)                        DEFAULT NULL,
    `TYPE_`         varchar(255) COLLATE utf8_bin NOT NULL,
    `NAME_`         varchar(255) COLLATE utf8_bin NOT NULL,
    `EXECUTION_ID_` varchar(64) COLLATE utf8_bin   DEFAULT NULL,
    `PROC_INST_ID_` varchar(64) COLLATE utf8_bin   DEFAULT NULL,
    `TASK_ID_`      varchar(64) COLLATE utf8_bin   DEFAULT NULL,
    `SCOPE_ID_`     varchar(255) COLLATE utf8_bin  DEFAULT NULL,
    `SUB_SCOPE_ID_` varchar(255) COLLATE utf8_bin  DEFAULT NULL,
    `SCOPE_TYPE_`   varchar(255) COLLATE utf8_bin  DEFAULT NULL,
    `BYTEARRAY_ID_` varchar(64) COLLATE utf8_bin   DEFAULT NULL,
    `DOUBLE_`       double                         DEFAULT NULL,
    `LONG_`         bigint(20)                     DEFAULT NULL,
    `TEXT_`         varchar(4000) COLLATE utf8_bin DEFAULT NULL,
    `TEXT2_`        varchar(4000) COLLATE utf8_bin DEFAULT NULL,
    PRIMARY KEY (`ID_`),
    KEY `ACT_IDX_RU_VAR_SCOPE_ID_TYPE` (`SCOPE_ID_`, `SCOPE_TYPE_`),
    KEY `ACT_IDX_RU_VAR_SUB_ID_TYPE` (`SUB_SCOPE_ID_`, `SCOPE_TYPE_`),
    KEY `ACT_FK_VAR_BYTEARRAY` (`BYTEARRAY_ID_`),
    KEY `ACT_IDX_VARIABLE_TASK_ID` (`TASK_ID_`),
    KEY `ACT_FK_VAR_EXE` (`EXECUTION_ID_`),
    KEY `ACT_FK_VAR_PROCINST` (`PROC_INST_ID_`),
    CONSTRAINT `ACT_FK_VAR_BYTEARRAY` FOREIGN KEY (`BYTEARRAY_ID_`) REFERENCES `ACT_GE_BYTEARRAY` (`ID_`),
    CONSTRAINT `ACT_FK_VAR_EXE` FOREIGN KEY (`EXECUTION_ID_`) REFERENCES `ACT_RU_EXECUTION` (`ID_`),
    CONSTRAINT `ACT_FK_VAR_PROCINST` FOREIGN KEY (`PROC_INST_ID_`) REFERENCES `ACT_RU_EXECUTION` (`ID_`)
) ENGINE = InnoDB
  DEFAULT CHARSET = utf8mb4
  COLLATE = utf8mb4_general_ci;

-- ----------------------------
-- Records of ACT_RU_VARIABLE
-- ----------------------------


-- ----------------------------
-- Table structure for FLW_CHANNEL_DEFINITION
-- ----------------------------
DROP TABLE IF EXISTS `FLW_CHANNEL_DEFINITION`;
CREATE TABLE `FLW_CHANNEL_DEFINITION`
(
    `ID_`            varchar(255) NOT NULL,
    `NAME_`          varchar(255) DEFAULT NULL,
    `VERSION_`       int(11)      DEFAULT NULL,
    `KEY_`           varchar(255) DEFAULT NULL,
    `CATEGORY_`      varchar(255) DEFAULT NULL,
    `DEPLOYMENT_ID_` varchar(255) DEFAULT NULL,
    `CREATE_TIME_`   datetime(3)  DEFAULT NULL,
    `TENANT_ID_`     varchar(255) DEFAULT NULL,
    `RESOURCE_NAME_` varchar(255) DEFAULT NULL,
    `DESCRIPTION_`   varchar(255) DEFAULT NULL,
    PRIMARY KEY (`ID_`),
    UNIQUE KEY `ACT_IDX_CHANNEL_DEF_UNIQ` (`KEY_`, `VERSION_`, `TENANT_ID_`)
) ENGINE = InnoDB
  DEFAULT CHARSET = utf8mb4
  COLLATE = utf8mb4_general_ci;

-- ----------------------------
-- Records of FLW_CHANNEL_DEFINITION
-- ----------------------------


-- ----------------------------
-- Table structure for FLW_EVENT_DEFINITION
-- ----------------------------
DROP TABLE IF EXISTS `FLW_EVENT_DEFINITION`;
CREATE TABLE `FLW_EVENT_DEFINITION`
(
    `ID_`            varchar(255) NOT NULL,
    `NAME_`          varchar(255) DEFAULT NULL,
    `VERSION_`       int(11)      DEFAULT NULL,
    `KEY_`           varchar(255) DEFAULT NULL,
    `CATEGORY_`      varchar(255) DEFAULT NULL,
    `DEPLOYMENT_ID_` varchar(255) DEFAULT NULL,
    `TENANT_ID_`     varchar(255) DEFAULT NULL,
    `RESOURCE_NAME_` varchar(255) DEFAULT NULL,
    `DESCRIPTION_`   varchar(255) DEFAULT NULL,
    PRIMARY KEY (`ID_`),
    UNIQUE KEY `ACT_IDX_EVENT_DEF_UNIQ` (`KEY_`, `VERSION_`, `TENANT_ID_`)
) ENGINE = InnoDB
  DEFAULT CHARSET = utf8mb4
  COLLATE = utf8mb4_general_ci;

-- ----------------------------
-- Records of FLW_EVENT_DEFINITION
-- ----------------------------


-- ----------------------------
-- Table structure for FLW_EVENT_DEPLOYMENT
-- ----------------------------
DROP TABLE IF EXISTS `FLW_EVENT_DEPLOYMENT`;
CREATE TABLE `FLW_EVENT_DEPLOYMENT`
(
    `ID_`                   varchar(255) NOT NULL,
    `NAME_`                 varchar(255) DEFAULT NULL,
    `CATEGORY_`             varchar(255) DEFAULT NULL,
    `DEPLOY_TIME_`          datetime(3)  DEFAULT NULL,
    `TENANT_ID_`            varchar(255) DEFAULT NULL,
    `PARENT_DEPLOYMENT_ID_` varchar(255) DEFAULT NULL,
    PRIMARY KEY (`ID_`)
) ENGINE = InnoDB
  DEFAULT CHARSET = utf8mb4
  COLLATE = utf8mb4_general_ci;

-- ----------------------------
-- Records of FLW_EVENT_DEPLOYMENT
-- ----------------------------


-- ----------------------------
-- Table structure for FLW_EVENT_RESOURCE
-- ----------------------------
DROP TABLE IF EXISTS `FLW_EVENT_RESOURCE`;
CREATE TABLE `FLW_EVENT_RESOURCE`
(
    `ID_`             varchar(255) NOT NULL,
    `NAME_`           varchar(255) DEFAULT NULL,
    `DEPLOYMENT_ID_`  varchar(255) DEFAULT NULL,
    `RESOURCE_BYTES_` longblob,
    PRIMARY KEY (`ID_`)
) ENGINE = InnoDB
  DEFAULT CHARSET = utf8mb4
  COLLATE = utf8mb4_general_ci;

-- ----------------------------
-- Records of FLW_EVENT_RESOURCE
-- ----------------------------


-- ----------------------------
-- Table structure for FLW_EV_DATABASECHANGELOG
-- ----------------------------
DROP TABLE IF EXISTS `FLW_EV_DATABASECHANGELOG`;
CREATE TABLE `FLW_EV_DATABASECHANGELOG`
(
    `ID`            varchar(255) NOT NULL,
    `AUTHOR`        varchar(255) NOT NULL,
    `FILENAME`      varchar(255) NOT NULL,
    `DATEEXECUTED`  datetime     NOT NULL,
    `ORDEREXECUTED` int(11)      NOT NULL,
    `EXECTYPE`      varchar(10)  NOT NULL,
    `MD5SUM`        varchar(35)  DEFAULT NULL,
    `DESCRIPTION`   varchar(255) DEFAULT NULL,
    `COMMENTS`      varchar(255) DEFAULT NULL,
    `TAG`           varchar(255) DEFAULT NULL,
    `LIQUIBASE`     varchar(20)  DEFAULT NULL,
    `CONTEXTS`      varchar(255) DEFAULT NULL,
    `LABELS`        varchar(255) DEFAULT NULL,
    `DEPLOYMENT_ID` varchar(10)  DEFAULT NULL
) ENGINE = InnoDB
  DEFAULT CHARSET = utf8mb4
  COLLATE = utf8mb4_general_ci;

-- ----------------------------
-- Records of FLW_EV_DATABASECHANGELOG
-- ----------------------------
BEGIN;
INSERT INTO `FLW_EV_DATABASECHANGELOG`
VALUES ('1', 'flowable', 'org/flowable/eventregistry/db/liquibase/flowable-eventregistry-db-changelog.xml',
        '2020-12-08 14:33:01', 1, 'EXECUTED', '8:1b0c48c9cf7945be799d868a2626d687',
        'createTable tableName=FLW_EVENT_DEPLOYMENT; createTable tableName=FLW_EVENT_RESOURCE; createTable tableName=FLW_EVENT_DEFINITION; createIndex indexName=ACT_IDX_EVENT_DEF_UNIQ, tableName=FLW_EVENT_DEFINITION; createTable tableName=FLW_CHANNEL_DEFIN...',
        '', NULL, '3.8.9', NULL, NULL, '7437981132');
COMMIT;

-- ----------------------------
-- Table structure for FLW_EV_DATABASECHANGELOGLOCK
-- ----------------------------
DROP TABLE IF EXISTS `FLW_EV_DATABASECHANGELOGLOCK`;
CREATE TABLE `FLW_EV_DATABASECHANGELOGLOCK`
(
    `ID`          int(11) NOT NULL,
    `LOCKED`      bit(1)  NOT NULL,
    `LOCKGRANTED` datetime     DEFAULT NULL,
    `LOCKEDBY`    varchar(255) DEFAULT NULL,
    PRIMARY KEY (`ID`)
) ENGINE = InnoDB
  DEFAULT CHARSET = utf8mb4
  COLLATE = utf8mb4_general_ci;

-- ----------------------------
-- Records of FLW_EV_DATABASECHANGELOGLOCK
-- ----------------------------
BEGIN;
INSERT INTO `FLW_EV_DATABASECHANGELOGLOCK`
VALUES (1, b'0', NULL, NULL);
COMMIT;

-- ----------------------------
-- Table structure for FLW_RU_BATCH
-- ----------------------------
DROP TABLE IF EXISTS `FLW_RU_BATCH`;
CREATE TABLE `FLW_RU_BATCH`
(
    `ID_`            varchar(64) COLLATE utf8_bin NOT NULL,
    `REV_`           int(11)                       DEFAULT NULL,
    `TYPE_`          varchar(64) COLLATE utf8_bin NOT NULL,
    `SEARCH_KEY_`    varchar(255) COLLATE utf8_bin DEFAULT NULL,
    `SEARCH_KEY2_`   varchar(255) COLLATE utf8_bin DEFAULT NULL,
    `CREATE_TIME_`   datetime(3)                  NOT NULL,
    `COMPLETE_TIME_` datetime(3)                   DEFAULT NULL,
    `STATUS_`        varchar(255) COLLATE utf8_bin DEFAULT NULL,
    `BATCH_DOC_ID_`  varchar(64) COLLATE utf8_bin  DEFAULT NULL,
    `TENANT_ID_`     varchar(255) COLLATE utf8_bin DEFAULT '',
    PRIMARY KEY (`ID_`)
) ENGINE = InnoDB
  DEFAULT CHARSET = utf8mb4
  COLLATE = utf8mb4_general_ci;

-- ----------------------------
-- Records of FLW_RU_BATCH
-- ----------------------------


-- ----------------------------
-- Table structure for FLW_RU_BATCH_PART
-- ----------------------------
DROP TABLE IF EXISTS `FLW_RU_BATCH_PART`;
CREATE TABLE `FLW_RU_BATCH_PART`
(
    `ID_`            varchar(64) COLLATE utf8_bin NOT NULL,
    `REV_`           int(11)                       DEFAULT NULL,
    `BATCH_ID_`      varchar(64) COLLATE utf8_bin  DEFAULT NULL,
    `TYPE_`          varchar(64) COLLATE utf8_bin NOT NULL,
    `SCOPE_ID_`      varchar(64) COLLATE utf8_bin  DEFAULT NULL,
    `SUB_SCOPE_ID_`  varchar(64) COLLATE utf8_bin  DEFAULT NULL,
    `SCOPE_TYPE_`    varchar(64) COLLATE utf8_bin  DEFAULT NULL,
    `SEARCH_KEY_`    varchar(255) COLLATE utf8_bin DEFAULT NULL,
    `SEARCH_KEY2_`   varchar(255) COLLATE utf8_bin DEFAULT NULL,
    `CREATE_TIME_`   datetime(3)                  NOT NULL,
    `COMPLETE_TIME_` datetime(3)                   DEFAULT NULL,
    `STATUS_`        varchar(255) COLLATE utf8_bin DEFAULT NULL,
    `RESULT_DOC_ID_` varchar(64) COLLATE utf8_bin  DEFAULT NULL,
    `TENANT_ID_`     varchar(255) COLLATE utf8_bin DEFAULT '',
    PRIMARY KEY (`ID_`),
    KEY `FLW_IDX_BATCH_PART` (`BATCH_ID_`),
    CONSTRAINT `FLW_FK_BATCH_PART_PARENT` FOREIGN KEY (`BATCH_ID_`) REFERENCES `FLW_RU_BATCH` (`ID_`)
) ENGINE = InnoDB
  DEFAULT CHARSET = utf8mb4
  COLLATE = utf8mb4_general_ci;

-- ----------------------------
-- Records of FLW_RU_BATCH_PART
-- ----------------------------


-- ----------------------------
-- Table structure for QRTZ_BLOB_TRIGGERS
-- ----------------------------
DROP TABLE IF EXISTS `QRTZ_BLOB_TRIGGERS`;
CREATE TABLE `QRTZ_BLOB_TRIGGERS`
(
    `SCHED_NAME`    varchar(120) NOT NULL,
    `TRIGGER_NAME`  varchar(190) NOT NULL,
    `TRIGGER_GROUP` varchar(190) NOT NULL,
    `BLOB_DATA`     blob,
    PRIMARY KEY (`SCHED_NAME`, `TRIGGER_NAME`, `TRIGGER_GROUP`),
    KEY `SCHED_NAME` (`SCHED_NAME`, `TRIGGER_NAME`, `TRIGGER_GROUP`),
    CONSTRAINT `QRTZ_BLOB_TRIGGERS_ibfk_1` FOREIGN KEY (`SCHED_NAME`, `TRIGGER_NAME`, `TRIGGER_GROUP`) REFERENCES `QRTZ_TRIGGERS` (`SCHED_NAME`, `TRIGGER_NAME`, `TRIGGER_GROUP`)
) ENGINE = InnoDB
  DEFAULT CHARSET = utf8mb4
  COLLATE = utf8mb4_general_ci;

-- ----------------------------
-- Records of QRTZ_BLOB_TRIGGERS
-- ----------------------------

-- ----------------------------
-- Table structure for QRTZ_CALENDARS
-- ----------------------------
DROP TABLE IF EXISTS `QRTZ_CALENDARS`;
CREATE TABLE `QRTZ_CALENDARS`
(
    `SCHED_NAME`    varchar(120) NOT NULL,
    `CALENDAR_NAME` varchar(190) NOT NULL,
    `CALENDAR`      blob         NOT NULL,
    PRIMARY KEY (`SCHED_NAME`, `CALENDAR_NAME`)
) ENGINE = InnoDB
  DEFAULT CHARSET = utf8mb4
  COLLATE = utf8mb4_general_ci;

-- ----------------------------
-- Records of QRTZ_CALENDARS
-- ----------------------------

-- ----------------------------
-- Table structure for QRTZ_CRON_TRIGGERS
-- ----------------------------
DROP TABLE IF EXISTS `QRTZ_CRON_TRIGGERS`;
CREATE TABLE `QRTZ_CRON_TRIGGERS`
(
    `SCHED_NAME`      varchar(120) NOT NULL,
    `TRIGGER_NAME`    varchar(190) NOT NULL,
    `TRIGGER_GROUP`   varchar(190) NOT NULL,
    `CRON_EXPRESSION` varchar(120) NOT NULL,
    `TIME_ZONE_ID`    varchar(80) DEFAULT NULL,
    PRIMARY KEY (`SCHED_NAME`, `TRIGGER_NAME`, `TRIGGER_GROUP`),
    CONSTRAINT `QRTZ_CRON_TRIGGERS_ibfk_1` FOREIGN KEY (`SCHED_NAME`, `TRIGGER_NAME`, `TRIGGER_GROUP`) REFERENCES `QRTZ_TRIGGERS` (`SCHED_NAME`, `TRIGGER_NAME`, `TRIGGER_GROUP`)
) ENGINE = InnoDB
  DEFAULT CHARSET = utf8mb4
  COLLATE = utf8mb4_general_ci;

-- ----------------------------
-- Records of QRTZ_CRON_TRIGGERS
-- ----------------------------
BEGIN;
INSERT INTO `QRTZ_CRON_TRIGGERS`
VALUES ('balanceScheduler', 'TASK_CLASS_NAME1', '测试1', '0 0/1 * * * ?', 'Asia/Shanghai');
INSERT INTO `QRTZ_CRON_TRIGGERS`
VALUES ('balanceScheduler', 'TASK_CLASS_NAME2', '测试2', '0 0/1 * * * ?', 'Asia/Shanghai');
INSERT INTO `QRTZ_CRON_TRIGGERS`
VALUES ('balanceScheduler', 'TASK_CLASS_NAME3', '测试3', '0 0/1 * * * ?', 'Asia/Shanghai');
INSERT INTO `QRTZ_CRON_TRIGGERS`
VALUES ('balanceScheduler', 'TASK_CLASS_NAME4', '测试4', '0/15 * * * * ?', 'Asia/Shanghai');
COMMIT;

-- ----------------------------
-- Table structure for QRTZ_FIRED_TRIGGERS
-- ----------------------------
DROP TABLE IF EXISTS `QRTZ_FIRED_TRIGGERS`;
CREATE TABLE `QRTZ_FIRED_TRIGGERS`
(
    `SCHED_NAME`        varchar(120) NOT NULL,
    `ENTRY_ID`          varchar(95)  NOT NULL,
    `TRIGGER_NAME`      varchar(190) NOT NULL,
    `TRIGGER_GROUP`     varchar(190) NOT NULL,
    `INSTANCE_NAME`     varchar(190) NOT NULL,
    `FIRED_TIME`        bigint(13)   NOT NULL,
    `SCHED_TIME`        bigint(13)   NOT NULL,
    `PRIORITY`          int(11)      NOT NULL,
    `STATE`             varchar(16)  NOT NULL,
    `JOB_NAME`          varchar(190) DEFAULT NULL,
    `JOB_GROUP`         varchar(190) DEFAULT NULL,
    `IS_NONCONCURRENT`  varchar(1)   DEFAULT NULL,
    `REQUESTS_RECOVERY` varchar(1)   DEFAULT NULL,
    PRIMARY KEY (`SCHED_NAME`, `ENTRY_ID`),
    KEY `IDX_QRTZ_FT_TRIG_INST_NAME` (`SCHED_NAME`, `INSTANCE_NAME`),
    KEY `IDX_QRTZ_FT_INST_JOB_REQ_RCVRY` (`SCHED_NAME`, `INSTANCE_NAME`, `REQUESTS_RECOVERY`),
    KEY `IDX_QRTZ_FT_J_G` (`SCHED_NAME`, `JOB_NAME`, `JOB_GROUP`),
    KEY `IDX_QRTZ_FT_JG` (`SCHED_NAME`, `JOB_GROUP`),
    KEY `IDX_QRTZ_FT_T_G` (`SCHED_NAME`, `TRIGGER_NAME`, `TRIGGER_GROUP`),
    KEY `IDX_QRTZ_FT_TG` (`SCHED_NAME`, `TRIGGER_GROUP`)
) ENGINE = InnoDB
  DEFAULT CHARSET = utf8mb4
  COLLATE = utf8mb4_general_ci;

-- ----------------------------
-- Records of QRTZ_FIRED_TRIGGERS
-- ----------------------------

-- ----------------------------
-- Table structure for QRTZ_JOB_DETAILS
-- ----------------------------
DROP TABLE IF EXISTS `QRTZ_JOB_DETAILS`;
CREATE TABLE `QRTZ_JOB_DETAILS`
(
    `SCHED_NAME`        varchar(120) NOT NULL,
    `JOB_NAME`          varchar(190) NOT NULL,
    `JOB_GROUP`         varchar(190) NOT NULL,
    `DESCRIPTION`       varchar(250) DEFAULT NULL,
    `JOB_CLASS_NAME`    varchar(250) NOT NULL,
    `IS_DURABLE`        varchar(1)   NOT NULL,
    `IS_NONCONCURRENT`  varchar(1)   NOT NULL,
    `IS_UPDATE_DATA`    varchar(1)   NOT NULL,
    `REQUESTS_RECOVERY` varchar(1)   NOT NULL,
    `JOB_DATA`          blob,
    PRIMARY KEY (`SCHED_NAME`, `JOB_NAME`, `JOB_GROUP`),
    KEY `IDX_QRTZ_J_REQ_RECOVERY` (`SCHED_NAME`, `REQUESTS_RECOVERY`),
    KEY `IDX_QRTZ_J_GRP` (`SCHED_NAME`, `JOB_GROUP`)
) ENGINE = InnoDB
  DEFAULT CHARSET = utf8mb4
  COLLATE = utf8mb4_general_ci;

-- ----------------------------
-- Records of QRTZ_JOB_DETAILS
-- ----------------------------
BEGIN;
INSERT INTO `QRTZ_JOB_DETAILS`
VALUES ('balanceScheduler', 'TASK_CLASS_NAME1', '测试1', NULL, 'com.monezhao.job.QuartzJobExecution', '0', '0', '0', '0',
        0xACED0005737200156F72672E71756172747A2E4A6F62446174614D61709FB083E8BFA9B0CB020000787200266F72672E71756172747A2E7574696C732E537472696E674B65794469727479466C61674D61708208E8C3FBC55D280200015A0013616C6C6F77735472616E7369656E74446174617872001D6F72672E71756172747A2E7574696C732E4469727479466C61674D617013E62EAD28760ACE0200025A000564697274794C00036D617074000F4C6A6176612F7574696C2F4D61703B787001737200116A6176612E7574696C2E486173684D61700507DAC1C31660D103000246000A6C6F6164466163746F724900097468726573686F6C6478703F4000000000000C7708000000100000000174000F5441534B5F50524F504552544945537372001C636F6D2E6D6F6E657A68616F2E6265616E2E7379732E5379734A6F62EF61DFD0B66E73BC0200094C000A636F6E63757272656E747400124C6A6176612F6C616E672F537472696E673B4C000E63726F6E45787072657373696F6E71007E00094C000C696E766F6B6554617267657471007E00094C00086A6F6247726F757071007E00094C00056A6F62496471007E00094C00076A6F624E616D6571007E00094C000D6D697366697265506F6C69637971007E00094C000672656D61726B71007E00094C000673746174757371007E000978720023636F6D2E6D6F6E657A68616F2E636F6D6D6F6E2E626173652E42617365456E746974795948DC0EEA2E64C80200064C0008637265617465427971007E00094C000A637265617465446174657400104C6A6176612F7574696C2F446174653B4C000A63726561746554696D6571007E000B4C0008757064617465427971007E00094C000A7570646174654461746571007E000B4C000A75706461746554696D6571007E000B78707070707070707400013174000D3020302F31202A202A202A203F74001762616C616E63654A6F622E6861734E6F506172616D2829740007E6B58BE8AF953174000131740007E6B58BE8AF953174000130740000740001307800);
INSERT INTO `QRTZ_JOB_DETAILS`
VALUES ('balanceScheduler', 'TASK_CLASS_NAME2', '测试2', NULL, 'com.monezhao.job.QuartzJobExecution', '0', '0', '0', '0',
        0xACED0005737200156F72672E71756172747A2E4A6F62446174614D61709FB083E8BFA9B0CB020000787200266F72672E71756172747A2E7574696C732E537472696E674B65794469727479466C61674D61708208E8C3FBC55D280200015A0013616C6C6F77735472616E7369656E74446174617872001D6F72672E71756172747A2E7574696C732E4469727479466C61674D617013E62EAD28760ACE0200025A000564697274794C00036D617074000F4C6A6176612F7574696C2F4D61703B787001737200116A6176612E7574696C2E486173684D61700507DAC1C31660D103000246000A6C6F6164466163746F724900097468726573686F6C6478703F4000000000000C7708000000100000000174000F5441534B5F50524F504552544945537372001C636F6D2E6D6F6E657A68616F2E6265616E2E7379732E5379734A6F62EF61DFD0B66E73BC0200094C000A636F6E63757272656E747400124C6A6176612F6C616E672F537472696E673B4C000E63726F6E45787072657373696F6E71007E00094C000C696E766F6B6554617267657471007E00094C00086A6F6247726F757071007E00094C00056A6F62496471007E00094C00076A6F624E616D6571007E00094C000D6D697366697265506F6C69637971007E00094C000672656D61726B71007E00094C000673746174757371007E000978720023636F6D2E6D6F6E657A68616F2E636F6D6D6F6E2E626173652E42617365456E746974795948DC0EEA2E64C80200064C0008637265617465427971007E00094C000A637265617465446174657400104C6A6176612F7574696C2F446174653B4C000A63726561746554696D6571007E000B4C0008757064617465427971007E00094C000A7570646174654461746571007E000B4C000A75706461746554696D6571007E000B78707070707070707400013174000D3020302F31202A202A202A203F74001A62616C616E63654A6F622E686173506172616D28273132332729740007E6B58BE8AF953274000132740007E6B58BE8AF953274000130740000740001307800);
INSERT INTO `QRTZ_JOB_DETAILS`
VALUES ('balanceScheduler', 'TASK_CLASS_NAME3', '测试3', NULL, 'com.monezhao.job.QuartzJobExecution', '0', '0', '0', '0',
        0xACED0005737200156F72672E71756172747A2E4A6F62446174614D61709FB083E8BFA9B0CB020000787200266F72672E71756172747A2E7574696C732E537472696E674B65794469727479466C61674D61708208E8C3FBC55D280200015A0013616C6C6F77735472616E7369656E74446174617872001D6F72672E71756172747A2E7574696C732E4469727479466C61674D617013E62EAD28760ACE0200025A000564697274794C00036D617074000F4C6A6176612F7574696C2F4D61703B787001737200116A6176612E7574696C2E486173684D61700507DAC1C31660D103000246000A6C6F6164466163746F724900097468726573686F6C6478703F4000000000000C7708000000100000000174000F5441534B5F50524F504552544945537372001C636F6D2E6D6F6E657A68616F2E6265616E2E7379732E5379734A6F62EF61DFD0B66E73BC0200094C000A636F6E63757272656E747400124C6A6176612F6C616E672F537472696E673B4C000E63726F6E45787072657373696F6E71007E00094C000C696E766F6B6554617267657471007E00094C00086A6F6247726F757071007E00094C00056A6F62496471007E00094C00076A6F624E616D6571007E00094C000D6D697366697265506F6C69637971007E00094C000672656D61726B71007E00094C000673746174757371007E000978720023636F6D2E6D6F6E657A68616F2E636F6D6D6F6E2E626173652E42617365456E746974795948DC0EEA2E64C80200064C0008637265617465427971007E00094C000A637265617465446174657400104C6A6176612F7574696C2F446174653B4C000A63726561746554696D6571007E000B4C0008757064617465427971007E00094C000A7570646174654461746571007E000B4C000A75706461746554696D6571007E000B78707070707070707400013174000D3020302F31202A202A202A203F74003E62616C616E63654A6F622E6861734D756C7469706C65506172616D732827333231272C20747275652C20323030304C2C203331362E3530442C2031303029740007E6B58BE8AF953374000133740007E6B58BE8AF953374000130740000740001307800);
INSERT INTO `QRTZ_JOB_DETAILS`
VALUES ('balanceScheduler', 'TASK_CLASS_NAME4', '测试4', NULL, 'com.monezhao.job.QuartzJobExecution', '0', '0', '0', '0',
        0xACED0005737200156F72672E71756172747A2E4A6F62446174614D61709FB083E8BFA9B0CB020000787200266F72672E71756172747A2E7574696C732E537472696E674B65794469727479466C61674D61708208E8C3FBC55D280200015A0013616C6C6F77735472616E7369656E74446174617872001D6F72672E71756172747A2E7574696C732E4469727479466C61674D617013E62EAD28760ACE0200025A000564697274794C00036D617074000F4C6A6176612F7574696C2F4D61703B787001737200116A6176612E7574696C2E486173684D61700507DAC1C31660D103000246000A6C6F6164466163746F724900097468726573686F6C6478703F4000000000000C7708000000100000000174000F5441534B5F50524F504552544945537372001C636F6D2E6D6F6E657A68616F2E6265616E2E7379732E5379734A6F62EF61DFD0B66E73BC0200094C000A636F6E63757272656E747400124C6A6176612F6C616E672F537472696E673B4C000E63726F6E45787072657373696F6E71007E00094C000C696E766F6B6554617267657471007E00094C00086A6F6247726F757071007E00094C00056A6F62496471007E00094C00076A6F624E616D6571007E00094C000D6D697366697265506F6C69637971007E00094C000672656D61726B71007E00094C000673746174757371007E000978720023636F6D2E6D6F6E657A68616F2E636F6D6D6F6E2E626173652E42617365456E746974795948DC0EEA2E64C80200064C0008637265617465427971007E00094C000A637265617465446174657400104C6A6176612F7574696C2F446174653B4C000A63726561746554696D6571007E000B4C0008757064617465427971007E00094C000A7570646174654461746571007E000B4C000A75706461746554696D6571007E000B78707070707070707400013174000E302F3135202A202A202A202A203F74001562616C616E63654A6F622E73617665546573742829740007E6B58BE8AF953474000134740007E6B58BE8AF953474000130740000740001307800);
COMMIT;

-- ----------------------------
-- Table structure for QRTZ_LOCKS
-- ----------------------------
DROP TABLE IF EXISTS `QRTZ_LOCKS`;
CREATE TABLE `QRTZ_LOCKS`
(
    `SCHED_NAME` varchar(120) NOT NULL,
    `LOCK_NAME`  varchar(40)  NOT NULL,
    PRIMARY KEY (`SCHED_NAME`, `LOCK_NAME`)
) ENGINE = InnoDB
  DEFAULT CHARSET = utf8mb4
  COLLATE = utf8mb4_general_ci;

-- ----------------------------
-- Records of QRTZ_LOCKS
-- ----------------------------
BEGIN;
INSERT INTO `QRTZ_LOCKS`
VALUES ('balanceScheduler', 'TRIGGER_ACCESS');
COMMIT;

-- ----------------------------
-- Table structure for QRTZ_PAUSED_TRIGGER_GRPS
-- ----------------------------
DROP TABLE IF EXISTS `QRTZ_PAUSED_TRIGGER_GRPS`;
CREATE TABLE `QRTZ_PAUSED_TRIGGER_GRPS`
(
    `SCHED_NAME`    varchar(120) NOT NULL,
    `TRIGGER_GROUP` varchar(190) NOT NULL,
    PRIMARY KEY (`SCHED_NAME`, `TRIGGER_GROUP`)
) ENGINE = InnoDB
  DEFAULT CHARSET = utf8mb4
  COLLATE = utf8mb4_general_ci;

-- ----------------------------
-- Records of QRTZ_PAUSED_TRIGGER_GRPS
-- ----------------------------

-- ----------------------------
-- Table structure for QRTZ_SCHEDULER_STATE
-- ----------------------------
DROP TABLE IF EXISTS `QRTZ_SCHEDULER_STATE`;
CREATE TABLE `QRTZ_SCHEDULER_STATE`
(
    `SCHED_NAME`        varchar(120) NOT NULL,
    `INSTANCE_NAME`     varchar(190) NOT NULL,
    `LAST_CHECKIN_TIME` bigint(13)   NOT NULL,
    `CHECKIN_INTERVAL`  bigint(13)   NOT NULL,
    PRIMARY KEY (`SCHED_NAME`, `INSTANCE_NAME`)
) ENGINE = InnoDB
  DEFAULT CHARSET = utf8mb4
  COLLATE = utf8mb4_general_ci;

-- ----------------------------
-- Records of QRTZ_SCHEDULER_STATE
-- ----------------------------

-- ----------------------------
-- Table structure for QRTZ_SIMPLE_TRIGGERS
-- ----------------------------
DROP TABLE IF EXISTS `QRTZ_SIMPLE_TRIGGERS`;
CREATE TABLE `QRTZ_SIMPLE_TRIGGERS`
(
    `SCHED_NAME`      varchar(120) NOT NULL,
    `TRIGGER_NAME`    varchar(190) NOT NULL,
    `TRIGGER_GROUP`   varchar(190) NOT NULL,
    `REPEAT_COUNT`    bigint(7)    NOT NULL,
    `REPEAT_INTERVAL` bigint(12)   NOT NULL,
    `TIMES_TRIGGERED` bigint(10)   NOT NULL,
    PRIMARY KEY (`SCHED_NAME`, `TRIGGER_NAME`, `TRIGGER_GROUP`),
    CONSTRAINT `QRTZ_SIMPLE_TRIGGERS_ibfk_1` FOREIGN KEY (`SCHED_NAME`, `TRIGGER_NAME`, `TRIGGER_GROUP`) REFERENCES `QRTZ_TRIGGERS` (`SCHED_NAME`, `TRIGGER_NAME`, `TRIGGER_GROUP`)
) ENGINE = InnoDB
  DEFAULT CHARSET = utf8mb4
  COLLATE = utf8mb4_general_ci;

-- ----------------------------
-- Records of QRTZ_SIMPLE_TRIGGERS
-- ----------------------------

-- ----------------------------
-- Table structure for QRTZ_SIMPROP_TRIGGERS
-- ----------------------------
DROP TABLE IF EXISTS `QRTZ_SIMPROP_TRIGGERS`;
CREATE TABLE `QRTZ_SIMPROP_TRIGGERS`
(
    `SCHED_NAME`    varchar(120) NOT NULL,
    `TRIGGER_NAME`  varchar(190) NOT NULL,
    `TRIGGER_GROUP` varchar(190) NOT NULL,
    `STR_PROP_1`    varchar(512)   DEFAULT NULL,
    `STR_PROP_2`    varchar(512)   DEFAULT NULL,
    `STR_PROP_3`    varchar(512)   DEFAULT NULL,
    `INT_PROP_1`    int(11)        DEFAULT NULL,
    `INT_PROP_2`    int(11)        DEFAULT NULL,
    `LONG_PROP_1`   bigint(20)     DEFAULT NULL,
    `LONG_PROP_2`   bigint(20)     DEFAULT NULL,
    `DEC_PROP_1`    decimal(13, 4) DEFAULT NULL,
    `DEC_PROP_2`    decimal(13, 4) DEFAULT NULL,
    `BOOL_PROP_1`   varchar(1)     DEFAULT NULL,
    `BOOL_PROP_2`   varchar(1)     DEFAULT NULL,
    PRIMARY KEY (`SCHED_NAME`, `TRIGGER_NAME`, `TRIGGER_GROUP`),
    CONSTRAINT `QRTZ_SIMPROP_TRIGGERS_ibfk_1` FOREIGN KEY (`SCHED_NAME`, `TRIGGER_NAME`, `TRIGGER_GROUP`) REFERENCES `QRTZ_TRIGGERS` (`SCHED_NAME`, `TRIGGER_NAME`, `TRIGGER_GROUP`)
) ENGINE = InnoDB
  DEFAULT CHARSET = utf8mb4
  COLLATE = utf8mb4_general_ci;

-- ----------------------------
-- Records of QRTZ_SIMPROP_TRIGGERS
-- ----------------------------

-- ----------------------------
-- Table structure for QRTZ_TRIGGERS
-- ----------------------------
DROP TABLE IF EXISTS `QRTZ_TRIGGERS`;
CREATE TABLE `QRTZ_TRIGGERS`
(
    `SCHED_NAME`     varchar(120) NOT NULL,
    `TRIGGER_NAME`   varchar(190) NOT NULL,
    `TRIGGER_GROUP`  varchar(190) NOT NULL,
    `JOB_NAME`       varchar(190) NOT NULL,
    `JOB_GROUP`      varchar(190) NOT NULL,
    `DESCRIPTION`    varchar(250) DEFAULT NULL,
    `NEXT_FIRE_TIME` bigint(13)   DEFAULT NULL,
    `PREV_FIRE_TIME` bigint(13)   DEFAULT NULL,
    `PRIORITY`       int(11)      DEFAULT NULL,
    `TRIGGER_STATE`  varchar(16)  NOT NULL,
    `TRIGGER_TYPE`   varchar(8)   NOT NULL,
    `START_TIME`     bigint(13)   NOT NULL,
    `END_TIME`       bigint(13)   DEFAULT NULL,
    `CALENDAR_NAME`  varchar(190) DEFAULT NULL,
    `MISFIRE_INSTR`  smallint(2)  DEFAULT NULL,
    `JOB_DATA`       blob,
    PRIMARY KEY (`SCHED_NAME`, `TRIGGER_NAME`, `TRIGGER_GROUP`),
    KEY `IDX_QRTZ_T_J` (`SCHED_NAME`, `JOB_NAME`, `JOB_GROUP`),
    KEY `IDX_QRTZ_T_JG` (`SCHED_NAME`, `JOB_GROUP`),
    KEY `IDX_QRTZ_T_C` (`SCHED_NAME`, `CALENDAR_NAME`),
    KEY `IDX_QRTZ_T_G` (`SCHED_NAME`, `TRIGGER_GROUP`),
    KEY `IDX_QRTZ_T_STATE` (`SCHED_NAME`, `TRIGGER_STATE`),
    KEY `IDX_QRTZ_T_N_STATE` (`SCHED_NAME`, `TRIGGER_NAME`, `TRIGGER_GROUP`, `TRIGGER_STATE`),
    KEY `IDX_QRTZ_T_N_G_STATE` (`SCHED_NAME`, `TRIGGER_GROUP`, `TRIGGER_STATE`),
    KEY `IDX_QRTZ_T_NEXT_FIRE_TIME` (`SCHED_NAME`, `NEXT_FIRE_TIME`),
    KEY `IDX_QRTZ_T_NFT_ST` (`SCHED_NAME`, `TRIGGER_STATE`, `NEXT_FIRE_TIME`),
    KEY `IDX_QRTZ_T_NFT_MISFIRE` (`SCHED_NAME`, `MISFIRE_INSTR`, `NEXT_FIRE_TIME`),
    KEY `IDX_QRTZ_T_NFT_ST_MISFIRE` (`SCHED_NAME`, `MISFIRE_INSTR`, `NEXT_FIRE_TIME`, `TRIGGER_STATE`),
    KEY `IDX_QRTZ_T_NFT_ST_MISFIRE_GRP` (`SCHED_NAME`, `MISFIRE_INSTR`, `NEXT_FIRE_TIME`, `TRIGGER_GROUP`,
                                         `TRIGGER_STATE`),
    CONSTRAINT `QRTZ_TRIGGERS_ibfk_1` FOREIGN KEY (`SCHED_NAME`, `JOB_NAME`, `JOB_GROUP`) REFERENCES `QRTZ_JOB_DETAILS` (`SCHED_NAME`, `JOB_NAME`, `JOB_GROUP`)
) ENGINE = InnoDB
  DEFAULT CHARSET = utf8mb4
  COLLATE = utf8mb4_general_ci;

-- ----------------------------
-- Records of QRTZ_TRIGGERS
-- ----------------------------
BEGIN;
INSERT INTO `QRTZ_TRIGGERS`
VALUES ('balanceScheduler', 'TASK_CLASS_NAME1', '测试1', 'TASK_CLASS_NAME1', '测试1', NULL, 1607481780000, -1, 5, 'PAUSED',
        'CRON', 1607481758000, 0, NULL, 0, '');
INSERT INTO `QRTZ_TRIGGERS`
VALUES ('balanceScheduler', 'TASK_CLASS_NAME2', '测试2', 'TASK_CLASS_NAME2', '测试2', NULL, 1607481780000, -1, 5, 'PAUSED',
        'CRON', 1607481758000, 0, NULL, 0, '');
INSERT INTO `QRTZ_TRIGGERS`
VALUES ('balanceScheduler', 'TASK_CLASS_NAME3', '测试3', 'TASK_CLASS_NAME3', '测试3', NULL, 1607481780000, -1, 5, 'PAUSED',
        'CRON', 1607481758000, 0, NULL, 0, '');
INSERT INTO `QRTZ_TRIGGERS`
VALUES ('balanceScheduler', 'TASK_CLASS_NAME4', '测试4', 'TASK_CLASS_NAME4', '测试4', NULL, 1607481765000, -1, 5, 'PAUSED',
        'CRON', 1607481758000, 0, NULL, 0, '');
COMMIT;

-- ----------------------------
-- Table structure for t_flowable_form
-- ----------------------------
DROP TABLE IF EXISTS `t_flowable_form`;
CREATE TABLE `t_flowable_form`
(
    `form_key`    varchar(100) NOT NULL COMMENT '表单key',
    `form_name`   varchar(100) NOT NULL COMMENT '表单名称',
    `form_json`   longtext COMMENT '表单内容json串',
    `create_by`   varchar(32) DEFAULT NULL COMMENT '创建人',
    `create_date` date        DEFAULT NULL COMMENT '创建日期',
    `create_time` datetime    DEFAULT NULL COMMENT '创建时间',
    `update_by`   varchar(32) DEFAULT NULL COMMENT '修改人',
    `update_date` date        DEFAULT NULL COMMENT '修改日期',
    `update_time` datetime    DEFAULT NULL COMMENT '修改时间',
    PRIMARY KEY (`form_key`)
) ENGINE = InnoDB
  DEFAULT CHARSET = utf8mb4
  COLLATE = utf8mb4_general_ci COMMENT ='flowable03_流程表单';

-- ----------------------------
-- Records of t_flowable_form
-- ----------------------------
BEGIN;
INSERT INTO `t_flowable_form`
VALUES ('leaveApply', '请假表单',
        '{\"list\":[{\"type\":\"input\",\"icon\":\"icon-input\",\"options\":{\"width\":\"80%\",\"defaultValue\":\"\",\"required\":true,\"dataType\":\"string\",\"pattern\":\"\",\"placeholder\":\"\",\"disabled\":false,\"remoteFunc\":\"func_1607478581000_58879\"},\"name\":\"员工号\",\"key\":\"1607478581000_58879\",\"model\":\"userId\",\"rules\":[{\"type\":\"string\",\"message\":\"员工号格式不正确\"},{\"required\":true,\"message\":\"员工号必须填写\"}]},{\"type\":\"input\",\"icon\":\"icon-input\",\"options\":{\"width\":\"80%\",\"defaultValue\":\"\",\"required\":true,\"dataType\":\"string\",\"pattern\":\"\",\"placeholder\":\"\",\"disabled\":false,\"remoteFunc\":\"func_1607478586000_90043\"},\"name\":\"员工姓名\",\"key\":\"1607478586000_90043\",\"model\":\"userName\",\"rules\":[{\"type\":\"string\",\"message\":\"员工姓名格式不正确\"},{\"required\":true,\"message\":\"员工姓名必须填写\"}]},{\"type\":\"date\",\"icon\":\"icon-date\",\"options\":{\"defaultValue\":\"\",\"readonly\":false,\"disabled\":false,\"editable\":false,\"clearable\":true,\"placeholder\":\"\",\"startPlaceholder\":\"\",\"endPlaceholder\":\"\",\"type\":\"datetime\",\"format\":\"yyyy-MM-dd HH:mm:ss\",\"timestamp\":false,\"required\":true,\"width\":\"50%\",\"remoteFunc\":\"func_1607478591000_51493\"},\"name\":\"开始时间\",\"key\":\"1607478591000_51493\",\"model\":\"dateStart\",\"rules\":[{\"required\":true,\"message\":\"开始时间必须填写\"}]},{\"type\":\"date\",\"icon\":\"icon-date\",\"options\":{\"defaultValue\":\"\",\"readonly\":false,\"disabled\":false,\"editable\":false,\"clearable\":true,\"placeholder\":\"\",\"startPlaceholder\":\"\",\"endPlaceholder\":\"\",\"type\":\"datetime\",\"format\":\"yyyy-MM-dd HH:mm:ss\",\"timestamp\":false,\"required\":true,\"width\":\"50%\",\"remoteFunc\":\"func_1607478594000_24349\"},\"name\":\"结束时间\",\"key\":\"1607478594000_24349\",\"model\":\"dateEnd\",\"rules\":[{\"required\":true,\"message\":\"结束时间必须填写\"}]}],\"config\":{\"labelWidth\":100,\"labelPosition\":\"right\",\"size\":\"small\"}}',
        'admin', '2020-12-09', '2020-12-09 09:49:09', 'admin', '2020-12-09', '2020-12-09 09:55:22');
COMMIT;

-- ----------------------------
-- Table structure for t_sys_balance_detail
-- ----------------------------
DROP TABLE IF EXISTS `t_sys_balance_detail`;
CREATE TABLE `t_sys_balance_detail`
(
    `balance_detail_id` varchar(32)   NOT NULL COMMENT '主键id',
    `account`           double(12, 2) NOT NULL COMMENT '账户余额',
    `balance_type`      varchar(4)    NOT NULL COMMENT '账户类型',
    `balance_main_id`   varchar(32)   NOT NULL COMMENT '主表id',
    `user_id`           varchar(32)   NOT NULL COMMENT '所属用户id',
    `remark`            varchar(255) DEFAULT NULL COMMENT '备注',
    `create_by`         varchar(32)  DEFAULT NULL COMMENT '创建人',
    `create_date`       date         DEFAULT NULL COMMENT '创建日期',
    `create_time`       datetime     DEFAULT NULL COMMENT '创建时间',
    `update_by`         varchar(32)  DEFAULT NULL COMMENT '修改人',
    `update_date`       date         DEFAULT NULL COMMENT '修改日期',
    `update_time`       datetime     DEFAULT NULL COMMENT '修改时间',
    `delete_type`       int(1)       DEFAULT NULL COMMENT '0 不删除 1 删除',
    PRIMARY KEY (`balance_detail_id`)
) ENGINE = InnoDB
  DEFAULT CHARSET = utf8mb4
  COLLATE = utf8mb4_general_ci COMMENT ='SYS18_账户明细表';

-- ----------------------------
-- Records of t_sys_balance_detail
-- ----------------------------

-- ----------------------------
-- Table structure for t_sys_balance_main
-- ----------------------------
DROP TABLE IF EXISTS `t_sys_balance_main`;
CREATE TABLE `t_sys_balance_main`
(
    `balance_main_id` varchar(32)   NOT NULL COMMENT '主键id',
    `account`         double(12, 2) NOT NULL COMMENT '账户余额',
    `account_date`    date          NOT NULL COMMENT '记录时间',
    `user_id`         varchar(32)   NOT NULL COMMENT '所属用户',
    `remark`          varchar(255) DEFAULT NULL COMMENT '备注',
    `create_by`       varchar(32)  DEFAULT NULL COMMENT '创建人',
    `create_date`     date         DEFAULT NULL COMMENT '创建日期',
    `create_time`     datetime     DEFAULT NULL COMMENT '创建时间',
    `update_by`       varchar(32)  DEFAULT NULL COMMENT '修改人',
    `update_date`     date         DEFAULT NULL COMMENT '修改日期',
    `update_time`     datetime     DEFAULT NULL COMMENT '修改时间',
    `delete_type`     int(1)       DEFAULT NULL COMMENT '0 不删除 1 删除',
    PRIMARY KEY (`balance_main_id`)
) ENGINE = InnoDB
  DEFAULT CHARSET = utf8mb4
  COLLATE = utf8mb4_general_ci COMMENT ='SYS17_账户余额主表';

-- ----------------------------
-- Records of t_sys_balance_main
-- ----------------------------

-- ----------------------------
-- Table structure for t_sys_code_info
-- ----------------------------
DROP TABLE IF EXISTS `t_sys_code_info`;
CREATE TABLE `t_sys_code_info`
(
    `code_info_id` varchar(32)  NOT NULL COMMENT '代码信息ID',
    `code_type_id` varchar(32)  NOT NULL COMMENT '代码类别ID',
    `value`        varchar(100) NOT NULL COMMENT '下拉框值',
    `content`      varchar(100) NOT NULL COMMENT '下拉框内容',
    `parent_value` varchar(100)      DEFAULT NULL COMMENT '上级联动下拉框值',
    `sort_no`      int(11)      NOT NULL COMMENT '排序号',
    `remark`       varchar(255)      DEFAULT NULL COMMENT '备注',
    `is_ok`        varchar(1)        DEFAULT NULL COMMENT '是否显示',
    `create_by`    varchar(32)       DEFAULT NULL COMMENT '创建人',
    `create_date`  date              DEFAULT NULL COMMENT '创建日期',
    `create_time`  timestamp    NULL DEFAULT NULL COMMENT '创建时间',
    `update_by`    varchar(32)       DEFAULT NULL COMMENT '修改人',
    `update_date`  date              DEFAULT NULL COMMENT '修改日期',
    `update_time`  timestamp    NULL DEFAULT NULL COMMENT '修改时间',
    PRIMARY KEY (`code_info_id`)
) ENGINE = InnoDB
  DEFAULT CHARSET = utf8mb4
  COLLATE = utf8mb4_general_ci COMMENT ='SYS03_代码信息表';

-- ----------------------------
-- Records of t_sys_code_info
-- ----------------------------
BEGIN;
INSERT INTO `t_sys_code_info`
VALUES ('1a6624861756622589d2887c19186d12', 'balanceType', '10', '住房公积金', '', 10, '', '1', 'admin', '2020-08-04',
        '2020-08-04 21:56:21', 'admin', '2020-08-04', '2020-08-04 21:56:44');
INSERT INTO `t_sys_code_info`
VALUES ('556439c2e0bcfce0b89f575ef7e58067', 'balanceType', '11', '现金', '', 11, '', '1', 'admin', '2020-10-01',
        '2020-10-01 21:28:38', 'admin', '2020-10-01', '2020-10-01 21:28:47');
INSERT INTO `t_sys_code_info`
VALUES ('5ca5cd0b9c956316bd22b392d45084db', 'processCategory', '2', '审阅', '', 2, '', '1', 'admin', '2020-12-09',
        '2020-12-09 09:58:42', NULL, NULL, NULL);
INSERT INTO `t_sys_code_info`
VALUES ('7c67331a479127d2e89f08f3e1daca43', 'processCategory', '1', '审批', '', 1, '', '1', 'admin', '2020-12-09',
        '2020-12-09 09:58:32', NULL, NULL, NULL);
INSERT INTO `t_sys_code_info`
VALUES ('balanceType-0', 'balanceType', '0', '支付宝', '', 0, '', '1', 'admin', '2020-06-08', '2020-06-08 08:57:50', NULL,
        NULL, NULL);
INSERT INTO `t_sys_code_info`
VALUES ('balanceType-1', 'balanceType', '1', '微信钱包', '', 1, '', '1', 'admin', '2020-06-08', '2020-06-08 08:58:26', NULL,
        NULL, NULL);
INSERT INTO `t_sys_code_info`
VALUES ('balanceType-2', 'balanceType', '2', '京东金融', '', 2, '', '1', 'admin', '2020-06-08', '2020-06-08 08:58:26', NULL,
        NULL, NULL);
INSERT INTO `t_sys_code_info`
VALUES ('balanceType-3', 'balanceType', '3', '翼支付', '', 3, '', '1', 'admin', '2020-06-08', '2020-06-08 08:58:26', NULL,
        NULL, NULL);
INSERT INTO `t_sys_code_info`
VALUES ('balanceType-4', 'balanceType', '4', '招商银行', '', 4, '', '1', 'admin', '2020-06-08', '2020-06-08 08:58:26', NULL,
        NULL, NULL);
INSERT INTO `t_sys_code_info`
VALUES ('balanceType-5', 'balanceType', '5', '建设银行', '', 5, '', '1', 'admin', '2020-06-08', '2020-06-08 08:58:26', NULL,
        NULL, NULL);
INSERT INTO `t_sys_code_info`
VALUES ('balanceType-6', 'balanceType', '6', '农业银行', '', 6, '', '1', 'admin', '2020-06-08', '2020-06-08 08:58:26', NULL,
        NULL, NULL);
INSERT INTO `t_sys_code_info`
VALUES ('balanceType-7', 'balanceType', '7', '工商银行', '', 7, '', '1', 'admin', '2020-06-08', '2020-06-08 08:58:26', NULL,
        NULL, NULL);
INSERT INTO `t_sys_code_info`
VALUES ('balanceType-8', 'balanceType', '8', '邮储银行', '', 8, '', '1', 'admin', '2020-06-08', '2020-06-08 08:58:26', NULL,
        NULL, NULL);
INSERT INTO `t_sys_code_info`
VALUES ('balanceType-9', 'balanceType', '9', '平安银行', '', 9, '', '1', 'admin', '2020-06-08', '2020-06-08 08:58:26', NULL,
        NULL, NULL);
INSERT INTO `t_sys_code_info`
VALUES ('entityType-1', 'entityType', '1', '角色', '', 1, '', '1', 'admin', '2019-09-01', '2019-09-01 11:40:55', NULL,
        NULL, NULL);
INSERT INTO `t_sys_code_info`
VALUES ('entityType-2', 'entityType', '2', '用户', '', 2, '', '1', 'admin', '2019-09-01', '2019-09-01 11:41:12', NULL,
        NULL, NULL);
INSERT INTO `t_sys_code_info`
VALUES ('identityType-1', 'identityType', '1', '用户', '', 1, '', '1', 'admin', '2020-03-01', '2020-03-01 19:14:27', NULL,
        NULL, NULL);
INSERT INTO `t_sys_code_info`
VALUES ('identityType-2', 'identityType', '2', '岗位', '', 2, '', '1', 'admin', '2020-03-01', '2020-03-01 19:14:53',
        'admin', '2020-04-20', '2020-04-20 20:31:24');
INSERT INTO `t_sys_code_info`
VALUES ('logType-1', 'logType', '1', '登录日志', '', 1, '', '1', 'user2', '2019-09-03', '2019-09-03 00:52:34', NULL, NULL,
        NULL);
INSERT INTO `t_sys_code_info`
VALUES ('logType-2', 'logType', '2', '操作日志', '', 2, '', '1', 'user2', '2019-09-03', '2019-09-03 00:52:56', NULL, NULL,
        NULL);
INSERT INTO `t_sys_code_info`
VALUES ('misfirePolicy-0', 'misfirePolicy', '0', '默认', '', 0, '', '1', 'admin', '2020-04-26', '2020-04-26 23:56:39',
        NULL, NULL, NULL);
INSERT INTO `t_sys_code_info`
VALUES ('misfirePolicy-1', 'misfirePolicy', '1', '立即触发执行', '', 1, '', '1', 'admin', '2020-04-26', '2020-04-26 23:57:25',
        NULL, NULL, NULL);
INSERT INTO `t_sys_code_info`
VALUES ('misfirePolicy-2', 'misfirePolicy', '2', '触发一次执行', '', 2, '', '1', 'admin', '2020-04-26', '2020-04-26 23:57:41',
        NULL, NULL, NULL);
INSERT INTO `t_sys_code_info`
VALUES ('misfirePolicy-3', 'misfirePolicy', '3', '不触发立即执行', '', 3, '', '1', 'admin', '2020-04-26',
        '2020-04-26 23:58:03', NULL, NULL, NULL);
INSERT INTO `t_sys_code_info`
VALUES ('orgLevel-1', 'orgLevel', '1', '一级', NULL, 1, NULL, '1', NULL, NULL, NULL, NULL, NULL, NULL);
INSERT INTO `t_sys_code_info`
VALUES ('orgLevel-2', 'orgLevel', '2', '二级', '', 2, '', '1', NULL, NULL, NULL, NULL, NULL, NULL);
INSERT INTO `t_sys_code_info`
VALUES ('orgLevel-3', 'orgLevel', '3', '三级', '', 3, '', '1', NULL, NULL, NULL, NULL, NULL, NULL);
INSERT INTO `t_sys_code_info`
VALUES ('orgLevel-4', 'orgLevel', '4', '四级', '', 4, '', '1', 'admin', '2019-09-07', '2019-09-07 21:09:18', NULL, NULL,
        NULL);
INSERT INTO `t_sys_code_info`
VALUES ('orgType-1', 'orgType', '1', '普通机构', NULL, 1, NULL, '1', NULL, NULL, NULL, NULL, NULL, NULL);
INSERT INTO `t_sys_code_info`
VALUES ('orgType-2', 'orgType', '2', '部门', '', 2, '', '1', NULL, NULL, NULL, NULL, NULL, NULL);
INSERT INTO `t_sys_code_info`
VALUES ('sourceStrategy-1', 'sourceStrategy', '1', '用户录入', '', 1, '', '1', 'admin', '2019-09-01', '2019-09-01 13:58:04',
        NULL, NULL, NULL);
INSERT INTO `t_sys_code_info`
VALUES ('sourceStrategy-2', 'sourceStrategy', '2', '系统提供', '', 2, '', '1', 'admin', '2019-09-01', '2019-09-01 11:40:19',
        NULL, NULL, NULL);
INSERT INTO `t_sys_code_info`
VALUES ('suspended-false', 'suspended', 'false', '激活', '', 2, '', '1', 'admin', '2020-01-12', '2020-01-12 22:01:35',
        NULL, NULL, NULL);
INSERT INTO `t_sys_code_info`
VALUES ('suspended-true', 'suspended', 'true', '挂起', '', 1, '', '1', 'admin', '2020-01-12', '2020-01-12 22:01:15', NULL,
        NULL, NULL);
INSERT INTO `t_sys_code_info`
VALUES ('trueOrFalse-0', 'trueOrFalse', 'false', '否', '', 2, '', '1', 'admin', '2020-01-06', '2020-01-06 20:32:22',
        NULL, NULL, NULL);
INSERT INTO `t_sys_code_info`
VALUES ('trueOrFalse-1', 'trueOrFalse', 'true', '是', '', 1, '', '1', 'admin', '2020-01-06', '2020-01-06 20:32:08', NULL,
        NULL, NULL);
INSERT INTO `t_sys_code_info`
VALUES ('userSex-1', 'userSex', '1', '男', '', 1, '', '1', NULL, NULL, NULL, NULL, NULL, NULL);
INSERT INTO `t_sys_code_info`
VALUES ('userSex-2', 'userSex', '2', '女', '', 2, '', '1', NULL, NULL, NULL, NULL, NULL, NULL);
INSERT INTO `t_sys_code_info`
VALUES ('userSex-3', 'userSex', '3', '保密', '', 3, '', '1', NULL, NULL, NULL, 'admin', '2020-05-28',
        '2020-05-28 08:49:44');
INSERT INTO `t_sys_code_info`
VALUES ('userStatus-1', 'userStatus', '1', '正常', '', 1, '', '1', NULL, NULL, NULL, 'admin', '2020-03-30',
        '2020-03-30 22:28:23');
INSERT INTO `t_sys_code_info`
VALUES ('userStatus-2', 'userStatus', '2', '锁定', '', 2, '', '1', NULL, NULL, NULL, 'admin', '2020-03-30',
        '2020-03-30 22:28:30');
INSERT INTO `t_sys_code_info`
VALUES ('yesOrNo-0', 'yesOrNo', '0', '否', '', 2, '', '1', 'admin', '2020-01-09', '2020-01-09 23:08:54', NULL, NULL,
        NULL);
INSERT INTO `t_sys_code_info`
VALUES ('yesOrNo-1', 'yesOrNo', '1', '是', '', 1, '', '1', NULL, NULL, NULL, 'admin', '2020-01-09',
        '2020-01-09 23:08:35');
COMMIT;

-- ----------------------------
-- Table structure for t_sys_code_type
-- ----------------------------
DROP TABLE IF EXISTS `t_sys_code_type`;
CREATE TABLE `t_sys_code_type`
(
    `code_type_id`   varchar(32)  NOT NULL COMMENT '代码类别ID',
    `code_type_name` varchar(100) NOT NULL COMMENT '代码类别名称',
    `sort_no`        int(11)      NOT NULL COMMENT '排序号',
    `remark`         varchar(255)      DEFAULT NULL COMMENT '备注',
    `create_by`      varchar(32)       DEFAULT NULL COMMENT '创建人',
    `create_date`    date              DEFAULT NULL COMMENT '创建日期',
    `create_time`    timestamp    NULL DEFAULT NULL COMMENT '创建时间',
    `update_by`      varchar(32)       DEFAULT NULL COMMENT '修改人',
    `update_date`    date              DEFAULT NULL COMMENT '修改日期',
    `update_time`    timestamp    NULL DEFAULT NULL COMMENT '修改时间',
    PRIMARY KEY (`code_type_id`)
) ENGINE = InnoDB
  DEFAULT CHARSET = utf8mb4
  COLLATE = utf8mb4_general_ci COMMENT ='SYS02_代码类别表';

-- ----------------------------
-- Records of t_sys_code_type
-- ----------------------------
BEGIN;
INSERT INTO `t_sys_code_type`
VALUES ('balanceType', '账户类型', 13, '', 'admin', '2020-06-08', '2020-06-08 08:56:34', NULL, NULL, NULL);
INSERT INTO `t_sys_code_type`
VALUES ('entityType', '实体类型', 5, '', 'admin', '2019-09-01', '2019-09-01 11:40:19', NULL, NULL, NULL);
INSERT INTO `t_sys_code_type`
VALUES ('identityType', '授权类型', 10, '', 'admin', '2020-03-01', '2020-03-01 19:13:55', NULL, NULL, NULL);
INSERT INTO `t_sys_code_type`
VALUES ('logType', '日志类型', 7, '', 'user2', '2019-09-03', '2019-09-03 00:52:09', NULL, NULL, NULL);
INSERT INTO `t_sys_code_type`
VALUES ('misfirePolicy', '计划执行错误策略', 12, '', 'admin', '2020-04-26', '2020-04-26 23:54:48', NULL, NULL, NULL);
INSERT INTO `t_sys_code_type`
VALUES ('orgLevel', '机构级别', 3, NULL, NULL, NULL, NULL, 'admin', '2019-09-01', '2019-09-01 17:06:53');
INSERT INTO `t_sys_code_type`
VALUES ('orgType', '机构类型', 4, NULL, NULL, NULL, NULL, 'admin', '2019-09-01', '2019-09-01 17:01:27');
INSERT INTO `t_sys_code_type`
VALUES ('processCategory', '模型类型', 14, '', 'admin', '2020-12-09', '2020-12-09 09:58:05', NULL, NULL, NULL);
INSERT INTO `t_sys_code_type`
VALUES ('sourceStrategy', '数据源策略', 6, '', 'admin', '2019-09-01', '2019-09-01 13:04:14', 'admin', '2019-09-01',
        '2019-09-01 17:06:49');
INSERT INTO `t_sys_code_type`
VALUES ('suspended', '状态', 9, '', 'admin', '2020-01-12', '2020-01-12 22:00:28', NULL, NULL, NULL);
INSERT INTO `t_sys_code_type`
VALUES ('trueOrFalse', '是否', 8, '', 'admin', '2020-01-06', '2020-01-06 20:28:43', 'admin', '2020-01-06',
        '2020-01-06 20:31:31');
INSERT INTO `t_sys_code_type`
VALUES ('userSex', '用户性别', 2, '', NULL, NULL, NULL, 'admin', '2019-08-21', '2019-08-21 23:27:09');
INSERT INTO `t_sys_code_type`
VALUES ('userStatus', '用户状态', 11, NULL, NULL, NULL, NULL, 'admin', '2019-09-08', '2019-09-08 14:34:34');
INSERT INTO `t_sys_code_type`
VALUES ('yesOrNo', '是否', 1, NULL, NULL, NULL, NULL, 'admin', '2019-09-08', '2019-09-08 14:34:34');
COMMIT;

-- ----------------------------
-- Table structure for t_sys_config
-- ----------------------------
DROP TABLE IF EXISTS `t_sys_config`;
CREATE TABLE `t_sys_config`
(
    `config_id`    varchar(32)  NOT NULL COMMENT '系统参数ID',
    `config_name`  varchar(100) NOT NULL COMMENT '系统参数名称',
    `config_value` varchar(255) NOT NULL COMMENT '系统参数值',
    `sort_no`      int(11)      NOT NULL COMMENT '排序号',
    `remark`       varchar(255)      DEFAULT NULL COMMENT '备注',
    `create_by`    varchar(32)       DEFAULT NULL COMMENT '创建人',
    `create_date`  date              DEFAULT NULL COMMENT '创建日期',
    `create_time`  timestamp    NULL DEFAULT NULL COMMENT '创建时间',
    `update_by`    varchar(32)       DEFAULT NULL COMMENT '修改人',
    `update_date`  date              DEFAULT NULL COMMENT '修改日期',
    `update_time`  timestamp    NULL DEFAULT NULL COMMENT '修改时间',
    PRIMARY KEY (`config_id`)
) ENGINE = InnoDB
  DEFAULT CHARSET = utf8mb4
  COLLATE = utf8mb4_general_ci COMMENT ='SYS01_系统参数表';

-- ----------------------------
-- Records of t_sys_config
-- ----------------------------
BEGIN;
INSERT INTO `t_sys_config`
VALUES ('defaultPassword', '新建用户默认密码', '1', 1, '', 'admin', '2019-09-11', '2019-09-11 23:03:25', 'admin', '2019-09-21',
        '2019-09-21 12:22:34');
INSERT INTO `t_sys_config`
VALUES ('expireTime', 'token过期时间', '604800', 3, '秒为单位', 'admin', '2020-10-30', '2020-10-30 15:02:29', 'admin',
        '2020-10-30', '2020-10-30 15:05:52');
INSERT INTO `t_sys_config`
VALUES ('loginCount', '登录次数限制', '3', 4, '', 'admin', '2020-11-18', '2020-11-18 17:20:40', NULL, NULL, NULL);
INSERT INTO `t_sys_config`
VALUES ('useCaptcha', '是否使用验证码', '1', 2, '0 使用 1不使用', 'admin', '2020-07-22', '2020-07-22 22:10:48', 'admin',
        '2020-11-17', '2020-11-17 12:18:43');
COMMIT;

-- ----------------------------
-- Table structure for t_sys_func
-- ----------------------------
DROP TABLE IF EXISTS `t_sys_func`;
CREATE TABLE `t_sys_func`
(
    `func_id`          varchar(32)  NOT NULL COMMENT '功能ID',
    `func_name`        varchar(100) NOT NULL COMMENT '功能名称',
    `menu_id`          varchar(32)  NOT NULL COMMENT '菜单ID',
    `func_permissions` varchar(255)      DEFAULT '' COMMENT '可访问路径',
    `remark`           varchar(255)      DEFAULT NULL COMMENT '备注',
    `sort_no`          int(11)           DEFAULT NULL COMMENT '排序号',
    `create_by`        varchar(32)       DEFAULT NULL COMMENT '创建人',
    `create_date`      date              DEFAULT NULL COMMENT '创建日期',
    `create_time`      timestamp    NULL DEFAULT NULL COMMENT '创建时间',
    `update_by`        varchar(32)       DEFAULT NULL COMMENT '修改人',
    `update_date`      date              DEFAULT NULL COMMENT '修改日期',
    `update_time`      timestamp    NULL DEFAULT NULL COMMENT '修改时间',
    PRIMARY KEY (`func_id`)
) ENGINE = InnoDB
  DEFAULT CHARSET = utf8mb4
  COLLATE = utf8mb4_general_ci COMMENT ='SYS05_功能表';

-- ----------------------------
-- Records of t_sys_func
-- ----------------------------
BEGIN;
INSERT INTO `t_sys_func`
VALUES ('flowableForm-1', '新增', 'flowableForm', 'flowable:form:save', '', 1, NULL, NULL, NULL, NULL, NULL, NULL);
INSERT INTO `t_sys_func`
VALUES ('flowableForm-2', '修改', 'flowableForm', 'flowable:form:update', '', 2, NULL, NULL, NULL, NULL, NULL, NULL);
INSERT INTO `t_sys_func`
VALUES ('flowableForm-3', '删除', 'flowableForm', 'flowable:form:delete', '', 3, NULL, NULL, NULL, NULL, NULL, NULL);
INSERT INTO `t_sys_func`
VALUES ('flowableModel-1', '新增', 'flowableModel', 'flowable:model:save', '', 1, 'admin', '2020-08-30',
        '2020-08-30 19:13:50', NULL, NULL, NULL);
INSERT INTO `t_sys_func`
VALUES ('flowableModel-2', '修改', 'flowableModel', 'flowable:model:update', '', 2, 'admin', '2020-08-30',
        '2020-08-30 19:14:25', NULL, NULL, NULL);
INSERT INTO `t_sys_func`
VALUES ('flowableModel-3', '删除', 'flowableModel', 'flowable:model:delete', '', 3, 'admin', '2020-08-30',
        '2020-08-30 19:14:40', 'admin', '2020-08-30', '2020-08-30 19:14:47');
INSERT INTO `t_sys_func`
VALUES ('flowableModel-4', '流程设计', 'flowableModel', 'flowable:model:saveModelEditor', '', 4, 'admin', '2020-08-30',
        '2020-08-30 21:57:22', 'admin', '2020-08-30', '2020-08-30 22:16:53');
INSERT INTO `t_sys_func`
VALUES ('flowableModel-5', '部署', 'flowableModel', 'flowable:model:deploy', '', 5, 'admin', '2020-08-30',
        '2020-08-30 22:17:16', NULL, NULL, NULL);
INSERT INTO `t_sys_func`
VALUES ('flowableModel-6', '导入', 'flowableModel', 'flowable:model:import', '', 6, 'admin', '2020-09-20',
        '2020-09-20 13:57:24', 'admin', '2020-09-20', '2020-09-20 13:59:04');
INSERT INTO `t_sys_func`
VALUES ('flowableProcessDefinition-1', '导入', 'flowableProcessDefinition', 'flowable:processDefinition:import', '', 1,
        NULL, NULL, NULL, 'admin', '2020-03-07', '2020-03-07 12:15:53');
INSERT INTO `t_sys_func`
VALUES ('flowableProcessDefinition-2', '流程授权', 'flowableProcessDefinition',
        'flowable:processDefinitionIdentityLink:list,flowable:processDefinitionIdentityLink:save,flowable:processDefinitionIdentityLink:delete',
        '', 3, NULL, NULL, NULL, 'admin', '2020-03-07', '2020-03-07 12:19:14');
INSERT INTO `t_sys_func`
VALUES ('flowableProcessDefinition-3', '导出', 'flowableProcessDefinition', 'flowable:processDefinition:xml', '', 4,
        'admin', '2020-03-07', '2020-03-07 12:19:55', 'admin', '2020-03-07', '2020-03-07 12:20:34');
INSERT INTO `t_sys_func`
VALUES ('flowableProcessDefinition-4', '挂起/激活', 'flowableProcessDefinition',
        'flowable:processDefinition:suspendOrActivate', '', 6, 'admin', '2020-03-07', '2020-03-07 12:21:51', 'admin',
        '2020-03-07', '2020-03-07 12:22:28');
INSERT INTO `t_sys_func`
VALUES ('flowableProcessDefinition-5', '删除', 'flowableProcessDefinition', 'flowable:processDefinition:delete', '', 7,
        'admin', '2020-03-07', '2020-03-07 12:23:05', 'admin', '2020-03-07', '2020-03-07 12:23:17');
INSERT INTO `t_sys_func`
VALUES ('flowableProcessInstance-1', '流程图', 'flowableProcessInstance', 'flowable:processInstanceImage', '', 2, 'admin',
        '2020-03-07', '2020-03-07 12:59:30', NULL, NULL, NULL);
INSERT INTO `t_sys_func`
VALUES ('flowableProcessInstance-2', '删除', 'flowableProcessInstance', 'flowable:processInstance:delete', '', 3, 'admin',
        '2020-03-07', '2020-03-07 12:59:51', 'admin', '2020-03-07', '2020-03-07 13:00:25');
INSERT INTO `t_sys_func`
VALUES ('flowableProcessInstance-3', '挂起/激活', 'flowableProcessInstance', 'flowable:processInstance:suspendOrActivate',
        '', 4, 'admin', '2020-03-07', '2020-03-07 12:59:51', 'admin', '2020-03-07', '2020-03-07 13:00:25');
INSERT INTO `t_sys_func`
VALUES ('flowableTask-1', '认领/取消认领', 'flowableTask', 'flowable:task:execute', '', 1, 'admin', '2020-03-07',
        '2020-03-07 13:09:23', 'admin', '2020-03-07', '2020-03-07 13:11:57');
INSERT INTO `t_sys_func`
VALUES ('sysBalanceMain-1', '新增', 'sysBalanceMain', 'sys:balanceMain:save', '', 1, NULL, NULL, NULL, NULL, NULL, NULL);
INSERT INTO `t_sys_func`
VALUES ('sysBalanceMain-2', '修改', 'sysBalanceMain', 'sys:balanceMain:update', '', 2, NULL, NULL, NULL, NULL, NULL,
        NULL);
INSERT INTO `t_sys_func`
VALUES ('sysBalanceMain-3', '删除', 'sysBalanceMain', 'sys:balanceMain:delete', '', 3, NULL, NULL, NULL, NULL, NULL,
        NULL);
INSERT INTO `t_sys_func`
VALUES ('sysBalanceMain-4', '导出', 'sysBalanceMain', 'sys:balanceMain:export', '', 4, NULL, NULL, NULL, NULL, NULL,
        NULL);
INSERT INTO `t_sys_func`
VALUES ('sysBalanceMain-5', '导入', 'sysBalanceMain', 'sys:balanceMain:import', '', 5, NULL, NULL, NULL, NULL, NULL,
        NULL);
INSERT INTO `t_sys_func`
VALUES ('sysCodeCreate-1', '新增', 'sysCodeCreate', 'sys:codeCreate:save', '', 1, NULL, NULL, NULL, NULL, NULL, NULL);
INSERT INTO `t_sys_func`
VALUES ('sysCodeCreate-2', '修改', 'sysCodeCreate', 'sys:codeCreate:update', '', 2, NULL, NULL, NULL, NULL, NULL, NULL);
INSERT INTO `t_sys_func`
VALUES ('sysCodeCreate-3', '删除', 'sysCodeCreate', 'sys:codeCreate:delete', '', 3, NULL, NULL, NULL, NULL, NULL, NULL);
INSERT INTO `t_sys_func`
VALUES ('sysCodeCreate-4', '下载', 'sysCodeCreate', 'sys:codeCreate:export', '', 4, NULL, NULL, NULL, NULL, NULL, NULL);
INSERT INTO `t_sys_func`
VALUES ('sysCodeInfo-1', '字典内容新增', 'sysCodeType', 'sys:codeInfo:save', '', 5, NULL, NULL, NULL, NULL, NULL, NULL);
INSERT INTO `t_sys_func`
VALUES ('sysCodeInfo-2', '字典内容修改', 'sysCodeType', 'sys:codeInfo:update', '', 6, NULL, NULL, NULL, NULL, NULL, NULL);
INSERT INTO `t_sys_func`
VALUES ('sysCodeInfo-3', '字典内容删除', 'sysCodeType', 'sys:codeInfo:delete', '', 7, NULL, NULL, NULL, NULL, NULL, NULL);
INSERT INTO `t_sys_func`
VALUES ('sysCodeInfo-4', '字典内容列表', 'sysCodeType', 'sys:codeInfo:list', '', 4, NULL, NULL, NULL, 'admin', '2020-07-06',
        '2020-07-06 22:20:57');
INSERT INTO `t_sys_func`
VALUES ('sysCodeType-1', '数据字典新增', 'sysCodeType', 'sys:codeType:save', '', 1, NULL, NULL, NULL, NULL, NULL, NULL);
INSERT INTO `t_sys_func`
VALUES ('sysCodeType-2', '数据字典修改', 'sysCodeType', 'sys:codeType:update', '', 2, NULL, NULL, NULL, NULL, NULL, NULL);
INSERT INTO `t_sys_func`
VALUES ('sysCodeType-3', '数据字典删除', 'sysCodeType', 'sys:codeType:delete', '', 3, NULL, NULL, NULL, NULL, NULL, NULL);
INSERT INTO `t_sys_func`
VALUES ('sysConfig-1', '新增', 'sysConfig', 'sys:config:save', '', 1, NULL, NULL, NULL, NULL, NULL, NULL);
INSERT INTO `t_sys_func`
VALUES ('sysConfig-2', '修改', 'sysConfig', 'sys:config:update', '', 2, NULL, NULL, NULL, NULL, NULL, NULL);
INSERT INTO `t_sys_func`
VALUES ('sysConfig-3', '删除', 'sysConfig', 'sys:config:delete', '', 3, NULL, NULL, NULL, NULL, NULL, NULL);
INSERT INTO `t_sys_func`
VALUES ('sysFunc-1', '新增', 'sysFunc', 'sys:func:save', '', 1, NULL, NULL, NULL, NULL, NULL, NULL);
INSERT INTO `t_sys_func`
VALUES ('sysFunc-2', '修改', 'sysFunc', 'sys:func:update', '', 2, NULL, NULL, NULL, NULL, NULL, NULL);
INSERT INTO `t_sys_func`
VALUES ('sysFunc-3', '删除', 'sysFunc', 'sys:func:delete', '', 3, NULL, NULL, NULL, NULL, NULL, NULL);
INSERT INTO `t_sys_func`
VALUES ('sysJob-1', '新增', 'sysJob', 'sys:job:save', '', 1, NULL, NULL, NULL, NULL, NULL, NULL);
INSERT INTO `t_sys_func`
VALUES ('sysJob-2', '修改', 'sysJob', 'sys:job:update', '', 2, NULL, NULL, NULL, NULL, NULL, NULL);
INSERT INTO `t_sys_func`
VALUES ('sysJob-3', '删除', 'sysJob', 'sys:job:delete', '', 3, NULL, NULL, NULL, NULL, NULL, NULL);
INSERT INTO `t_sys_func`
VALUES ('sysJob-4', '激活/挂起', 'sysJob', 'sys:job:changeStatus', '', 4, 'admin', '2020-04-27', '2020-04-27 22:33:30',
        NULL, NULL, NULL);
INSERT INTO `t_sys_func`
VALUES ('sysJob-5', '立即执行', 'sysJob', 'sys:job:run', '', 5, 'admin', '2020-04-27', '2020-04-27 23:29:17', NULL, NULL,
        NULL);
INSERT INTO `t_sys_func`
VALUES ('sysMenu-1', '新增', 'sysMenu', 'sys:menu:save', '', 1, NULL, NULL, NULL, NULL, NULL, NULL);
INSERT INTO `t_sys_func`
VALUES ('sysMenu-2', '修改', 'sysMenu', 'sys:menu:update', '', 2, NULL, NULL, NULL, NULL, NULL, NULL);
INSERT INTO `t_sys_func`
VALUES ('sysMenu-3', '删除', 'sysMenu', 'sys:menu:delete', '', 3, NULL, NULL, NULL, NULL, NULL, NULL);
INSERT INTO `t_sys_func`
VALUES ('sysOrg-1', '新增', 'sysOrg', 'sys:org:save', '', 1, NULL, NULL, NULL, 'admin', '2020-05-27',
        '2020-05-27 18:23:00');
INSERT INTO `t_sys_func`
VALUES ('sysOrg-2', '修改', 'sysOrg', 'sys:org:update', '', 2, NULL, NULL, NULL, 'admin', '2020-05-27',
        '2020-05-27 18:23:09');
INSERT INTO `t_sys_func`
VALUES ('sysOrg-3', '删除', 'sysOrg', 'sys:org:delete', '', 3, NULL, NULL, NULL, 'admin', '2020-05-27',
        '2020-05-27 18:23:16');
INSERT INTO `t_sys_func`
VALUES ('sysPost-1', '新增', 'sysPost', 'sys:post:save', '', 1, NULL, NULL, NULL, NULL, NULL, NULL);
INSERT INTO `t_sys_func`
VALUES ('sysPost-2', '修改', 'sysPost', 'sys:post:update', '', 2, NULL, NULL, NULL, NULL, NULL, NULL);
INSERT INTO `t_sys_func`
VALUES ('sysPost-3', '删除', 'sysPost', 'sys:post:delete', '', 3, NULL, NULL, NULL, NULL, NULL, NULL);
INSERT INTO `t_sys_func`
VALUES ('sysPost-4', '分配用户', 'sysPost', 'sys:post:getPostUser,sys:post:savePostUsers,sys:post:deletePostUsers', '', 4,
        'admin', '2020-04-12', '2020-04-12 21:35:50', NULL, NULL, NULL);
INSERT INTO `t_sys_func`
VALUES ('sysRole-1', '新增', 'sysRole', 'sys:role:save', '', 1, NULL, NULL, NULL, NULL, NULL, NULL);
INSERT INTO `t_sys_func`
VALUES ('sysRole-2', '修改', 'sysRole', 'sys:role:update', '', 2, NULL, NULL, NULL, NULL, NULL, NULL);
INSERT INTO `t_sys_func`
VALUES ('sysRole-3', '删除', 'sysRole', 'sys:role:delete', '', 3, NULL, NULL, NULL, NULL, NULL, NULL);
INSERT INTO `t_sys_func`
VALUES ('sysRole-4', '角色授权', 'sysRole', 'sys:role:getRolePermissions,sys:role:saveRolePermissions', '', 4, NULL, NULL,
        NULL, NULL, NULL, NULL);
INSERT INTO `t_sys_func`
VALUES ('sysRole-5', '分配用户', 'sysRole', 'sys:role:getRoleUser,sys:role:saveRoleUsers,sys:role:deleteRoleUsers', '', 5,
        NULL, NULL, NULL, NULL, NULL, NULL);
INSERT INTO `t_sys_func`
VALUES ('sysUser-1', '新增', 'sysUser', 'sys:user:save,sys:org:getTreeData', '', 1, NULL, NULL, NULL, 'admin',
        '2019-09-08', '2019-09-08 17:51:12');
INSERT INTO `t_sys_func`
VALUES ('sysUser-2', '修改', 'sysUser', 'sys:user:update,sys:org:getTreeData', '', 2, NULL, NULL, NULL, 'admin',
        '2019-09-08', '2019-09-08 17:51:19');
INSERT INTO `t_sys_func`
VALUES ('sysUser-3', '删除', 'sysUser', 'sys:user:delete', '', 3, NULL, NULL, NULL, NULL, NULL, NULL);
INSERT INTO `t_sys_func`
VALUES ('sysUser-4', '导出', 'sysUser', 'sys:user:export', '', 4, 'admin', '2020-05-03', '2020-05-03 11:48:01', 'admin',
        '2020-05-03', '2020-05-03 11:48:14');
COMMIT;

-- ----------------------------
-- Table structure for t_sys_job
-- ----------------------------
DROP TABLE IF EXISTS `t_sys_job`;
CREATE TABLE `t_sys_job`
(
    `job_id`          varchar(32)  NOT NULL COMMENT '任务ID',
    `job_name`        varchar(64)  NOT NULL COMMENT '任务名称',
    `job_group`       varchar(64)  NOT NULL COMMENT '任务组名',
    `invoke_target`   varchar(500) NOT NULL COMMENT '调用目标字符串',
    `cron_expression` varchar(255) DEFAULT NULL COMMENT 'cron执行表达式',
    `misfire_policy`  varchar(20)  DEFAULT NULL COMMENT '计划执行错误策略',
    `concurrent`      varchar(1)   DEFAULT NULL COMMENT '是否并发执行',
    `status`          varchar(1)   DEFAULT NULL COMMENT '是否正常状态',
    `remark`          varchar(500) DEFAULT NULL COMMENT '备注',
    `create_by`       varchar(32)  DEFAULT NULL COMMENT '创建人',
    `create_date`     date         DEFAULT NULL COMMENT '创建日期',
    `create_time`     datetime     DEFAULT NULL COMMENT '创建时间',
    `update_by`       varchar(32)  DEFAULT NULL COMMENT '修改人',
    `update_date`     date         DEFAULT NULL COMMENT '修改日期',
    `update_time`     datetime     DEFAULT NULL COMMENT '修改时间',
    PRIMARY KEY (`job_id`)
) ENGINE = InnoDB
  DEFAULT CHARSET = utf8mb4
  COLLATE = utf8mb4_general_ci COMMENT ='SYS15_定时任务表';

-- ----------------------------
-- Records of t_sys_job
-- ----------------------------
BEGIN;
INSERT INTO `t_sys_job`
VALUES ('1', '测试1', '测试1', 'balanceJob.hasNoParam()', '0 0/1 * * * ?', '0', '1', '0', '', 'admin', '2020-04-27',
        '2020-04-27 00:00:21', 'admin', '2020-05-28', '2020-05-28 07:10:27');
INSERT INTO `t_sys_job`
VALUES ('2', '测试2', '测试2', 'balanceJob.hasParam(\'123\')', '0 0/1 * * * ?', '0', '1', '0', '', 'admin', '2020-04-27',
        '2020-04-27 22:02:27', 'admin', '2020-04-27', '2020-04-27 22:02:42');
INSERT INTO `t_sys_job`
VALUES ('3', '测试3', '测试3', 'balanceJob.hasMultipleParams(\'321\', true, 2000L, 316.50D, 100)', '0 0/1 * * * ?', '0',
        '1', '0', '', 'admin', '2020-04-27', '2020-04-27 22:03:01', 'admin', '2020-05-06', '2020-05-06 23:25:12');
INSERT INTO `t_sys_job`
VALUES ('4', '测试4', '测试4', 'balanceJob.saveTest()', '0/15 * * * * ?', '0', '1', '0', '', 'admin', '2020-04-27',
        '2020-04-27 22:03:19', 'admin', '2020-04-27', '2020-04-27 22:03:28');
COMMIT;

-- ----------------------------
-- Table structure for t_sys_job_log
-- ----------------------------
DROP TABLE IF EXISTS `t_sys_job_log`;
CREATE TABLE `t_sys_job_log`
(
    `job_log_id`     varchar(32)  NOT NULL COMMENT '日志ID',
    `job_name`       varchar(64)  NOT NULL COMMENT '任务名称',
    `job_group`      varchar(64)  NOT NULL COMMENT '任务组名',
    `invoke_target`  varchar(500) NOT NULL COMMENT '调用目标字符串',
    `job_message`    varchar(500) DEFAULT NULL COMMENT '日志信息',
    `status`         varchar(20)  DEFAULT NULL COMMENT '是否正常执行',
    `exception_info` mediumtext COMMENT '异常信息',
    `start_time`     datetime     DEFAULT NULL COMMENT '开始时间',
    `stop_time`      datetime     DEFAULT NULL COMMENT '结束时间',
    `create_by`      varchar(32)  DEFAULT NULL COMMENT '创建人',
    `create_date`    date         DEFAULT NULL COMMENT '创建日期',
    `create_time`    datetime     DEFAULT NULL COMMENT '创建时间',
    `update_by`      varchar(32)  DEFAULT NULL COMMENT '修改人',
    `update_date`    date         DEFAULT NULL COMMENT '修改日期',
    `update_time`    datetime     DEFAULT NULL COMMENT '修改时间',
    PRIMARY KEY (`job_log_id`)
) ENGINE = InnoDB
  DEFAULT CHARSET = utf8mb4
  COLLATE = utf8mb4_general_ci COMMENT ='SYS16_定时任务执行日志表';

-- ----------------------------
-- Records of t_sys_job_log
-- ----------------------------

-- ----------------------------
-- Table structure for t_sys_log
-- ----------------------------
DROP TABLE IF EXISTS `t_sys_log`;
CREATE TABLE `t_sys_log`
(
    `log_id`         varchar(32)  NOT NULL COMMENT 'UUID',
    `log_type`       varchar(2)   NOT NULL COMMENT '日志类型',
    `log_content`    varchar(100) NOT NULL COMMENT '日志内容',
    `operate_type`   varchar(2)   DEFAULT NULL COMMENT '操作类型',
    `user_id`        varchar(32)  DEFAULT NULL COMMENT '操作用户',
    `user_name`      varchar(100) DEFAULT NULL COMMENT '操作用户姓名',
    `ip`             varchar(100) DEFAULT NULL COMMENT 'IP地址',
    `method`         varchar(255) DEFAULT NULL COMMENT '请求方法',
    `request_url`    varchar(255) DEFAULT NULL COMMENT '请求路径',
    `request_param`  text COMMENT '请求参数',
    `request_type`   varchar(10)  DEFAULT NULL COMMENT '请求类型',
    `operate_result` text COMMENT '操作结果',
    `cost_time`      bigint(20)   DEFAULT NULL COMMENT '耗时',
    `create_by`      varchar(32)  DEFAULT NULL COMMENT '创建人',
    `create_date`    date         DEFAULT NULL COMMENT '创建日期',
    `create_time`    datetime     DEFAULT NULL COMMENT '创建时间',
    `update_by`      varchar(32)  DEFAULT NULL COMMENT '修改人',
    `update_date`    date         DEFAULT NULL COMMENT '修改日期',
    `update_time`    datetime     DEFAULT NULL COMMENT '修改时间',
    PRIMARY KEY (`log_id`)
) ENGINE = InnoDB
  DEFAULT CHARSET = utf8mb4
  COLLATE = utf8mb4_general_ci COMMENT ='SYS12_系统日志表';

-- ----------------------------
-- Records of t_sys_log
-- ----------------------------

-- ----------------------------
-- Table structure for t_sys_menu
-- ----------------------------
DROP TABLE IF EXISTS `t_sys_menu`;
CREATE TABLE `t_sys_menu`
(
    `menu_id`          varchar(32)  NOT NULL COMMENT '菜单ID',
    `menu_name`        varchar(100) NOT NULL COMMENT '菜单名称',
    `parent_menu_id`   varchar(32)       DEFAULT NULL COMMENT '上级菜单ID',
    `menu_icon`        varchar(100)      DEFAULT NULL COMMENT '图标',
    `menu_url`         varchar(255)      DEFAULT NULL COMMENT '菜单URL',
    `menu_permissions` varchar(255)      DEFAULT NULL COMMENT '授权',
    `component`        varchar(255)      DEFAULT NULL COMMENT '组件',
    `redirect`         varchar(255)      DEFAULT NULL COMMENT '重定向URL',
    `hidden`           varchar(1)        DEFAULT NULL COMMENT '是否隐藏',
    `is_route`         varchar(1)        DEFAULT NULL COMMENT '是否路由',
    `route_name`       varchar(255)      DEFAULT NULL COMMENT '路由名称',
    `is_cache`         varchar(1)        DEFAULT NULL COMMENT 'tagsView是否缓存 1-缓存 0-不缓存',
    `affix`            varchar(1)        DEFAULT NULL COMMENT '是否常驻菜单1-是0-否',
    `is_leaf`          varchar(1)        DEFAULT NULL COMMENT '是否叶子节点',
    `sort_no`          int(11)           DEFAULT NULL COMMENT '排序号',
    `create_by`        varchar(32)       DEFAULT NULL COMMENT '创建人',
    `create_date`      date              DEFAULT NULL COMMENT '创建日期',
    `create_time`      timestamp    NULL DEFAULT NULL COMMENT '创建时间',
    `update_by`        varchar(32)       DEFAULT NULL COMMENT '修改人',
    `update_date`      date              DEFAULT NULL COMMENT '修改日期',
    `update_time`      timestamp    NULL DEFAULT NULL COMMENT '修改时间',
    PRIMARY KEY (`menu_id`)
) ENGINE = InnoDB
  DEFAULT CHARSET = utf8mb4
  COLLATE = utf8mb4_general_ci COMMENT ='SYS04_菜单表';

-- ----------------------------
-- Records of t_sys_menu
-- ----------------------------
BEGIN;
INSERT INTO `t_sys_menu`
VALUES ('balance', '账户余额', '', 'accountbook-fill', '/balance', '', '', '', '0', '1', '', '0', '0', '0', 30000, 'admin',
        '2020-06-11', '2020-06-11 02:27:46', 'admin', '2020-06-14', '2020-06-14 10:31:12');
INSERT INTO `t_sys_menu`
VALUES ('base', '基础资源', '', 'jichuziyuan', '/base', '', '', '', '0', '1', '', '0', '0', '0', 20000, 'admin',
        '2020-06-14', '2020-06-14 00:51:18', 'admin', '2020-10-23', '2020-10-23 23:17:41');
INSERT INTO `t_sys_menu`
VALUES ('flowable', '流程管理', '', 'liuchengguanli', '/flowable', '', '', '', '0', '1', 'Flowable', '1', '0', '0', 500,
        'admin', '2020-01-04', '2020-01-04 20:04:12', 'admin', '2020-12-04', '2020-12-04 09:41:44');
INSERT INTO `t_sys_menu`
VALUES ('flowableForm', '表单管理', 'flowable', 'biaodanguanli', 'form', 'flowable:form:list', 'views/flowable/form/index',
        NULL, '0', '1', 'FlowableForm', '1', '0', '1', 30100, 'admin', NULL, NULL, 'admin', '2020-12-04',
        '2020-12-04 09:41:11');
INSERT INTO `t_sys_menu`
VALUES ('flowableModel', '模型管理', 'flowable', 'daima', 'model', 'flowable:model:list', 'views/flowable/model/index', '',
        '0', '1', 'FlowableModel', '1', '0', '1', 30200, 'admin', '2020-08-30', '2020-08-30 09:08:27', 'admin',
        '2020-12-04', '2020-12-04 09:45:09');
INSERT INTO `t_sys_menu`
VALUES ('flowableProcessDefinition', '流程定义', 'flowable', 'liuchengdingyi', 'processDefinition',
        'flowable:processDefinition:list', 'views/flowable/processDefinition/index', NULL, '0', '1',
        'FlowableProcessDefinition', '1', '0', '1', 30300, 'admin', NULL, NULL, 'admin', '2020-12-04',
        '2020-12-04 09:15:01');
INSERT INTO `t_sys_menu`
VALUES ('flowableProcessInstance', '流程实例', 'flowable', 'liuchengshili', 'processInstance',
        'flowable:processInstance:list', 'views/flowable/processInstance/index', '', '0', '1',
        'FlowableProcessInstance', '1', '0', '1', 30400, 'admin', '2020-01-07', '2020-01-07 20:12:58', 'admin',
        '2020-12-04', '2020-12-04 09:15:16');
INSERT INTO `t_sys_menu`
VALUES ('flowableTask', '任务管理', 'flowable', 'renwuguanli', 'task', 'flowable:task:list', 'views/flowable/task/index',
        NULL, '0', '1', 'FlowableTask', '1', '0', '1', 30500, 'admin', NULL, NULL, 'admin', '2020-12-04',
        '2020-12-04 09:34:45');
INSERT INTO `t_sys_menu`
VALUES ('job', '定时任务', '', 'time-circle-fill', '/job', '', '', '', '0', '1', '', '0', '0', '0', 40000, 'admin',
        '2020-06-14', '2020-06-14 00:44:51', 'admin', '2020-06-14', '2020-06-14 10:29:24');
INSERT INTO `t_sys_menu`
VALUES ('monitor', '监控管理', '', 'funnelplot-fill', '/monitor', '', '', '', '0', '1', '', '0', '0', '0', 50000, 'admin',
        '2020-04-13', '2020-04-13 23:13:17', 'admin', '2020-06-14', '2020-06-14 10:29:12');
INSERT INTO `t_sys_menu`
VALUES ('monitorDruid', '数据监控', 'monitor', 'database-fill', 'druid', 'monitor:druid:list',
        'views/sys/monitor/druid/index', '', '0', '1', 'MonitorDruid', '0', '0', '1', 51000, 'admin', '2020-04-13',
        '2020-04-13 23:17:22', 'admin', '2020-06-14', '2020-06-14 10:28:49');
INSERT INTO `t_sys_menu`
VALUES ('monitorServer', '服务监控', 'monitor', 'dashboard', 'server', 'monitor:server:getServerInfo',
        'views/sys/monitor/server/index', '', '0', '1', 'MonitorServer', '0', '0', '1', 52000, 'admin', '2020-04-14',
        '2020-04-14 00:06:38', 'admin', '2020-06-14', '2020-06-14 00:52:38');
INSERT INTO `t_sys_menu`
VALUES ('monitorSwagger', 'Swagger', 'monitor', 'swagger', 'swagger', 'monitor:swagger',
        'views/sys/monitor/swagger/index', '', '0', '1', 'MonitorSwagger', '0', '0', '1', 53000, 'admin', '2020-07-01',
        '2020-07-01 15:34:12', 'admin', NULL, NULL);
INSERT INTO `t_sys_menu`
VALUES ('statement', '报表管理', '', 'pie_chart', '/statement', '', '', '', '0', '1', '', '0', '0', '0', 60000, 'admin',
        '2020-10-23', '2020-10-23 23:19:58', 'admin', '2020-10-23', '2020-10-23 23:22:32');
INSERT INTO `t_sys_menu`
VALUES ('statementTable', '账户报表', 'statement', 'line_chart', 'table', 'sys:statement:query',
        'views/statement/table/index', '', '0', '1', 'StatementTable', '0', '0', '1', 61000, 'admin', '2020-10-23',
        '2020-10-23 23:22:32', 'admin', NULL, NULL);
INSERT INTO `t_sys_menu`
VALUES ('sys', '系统管理', '', 'setting-fill', '/sys', NULL, '', '', '0', '1', '', '0', '0', '0', 10000, 'admin', NULL,
        NULL, 'admin', '2020-06-14', '2020-06-14 10:36:55');
INSERT INTO `t_sys_menu`
VALUES ('sysBalanceMain', '余额列表', 'balance', 'orderedlist', 'balanceMain', 'sys:balanceMain:list',
        'views/sys/balanceMain/index', NULL, '0', '1', 'SysBalanceMain', '0', '0', '1', 31000, 'admin', NULL, NULL,
        'admin', '2020-06-14', '2020-06-14 10:31:26');
INSERT INTO `t_sys_menu`
VALUES ('sysCodeCreate', '代码生成', 'sys', 'list', 'codeCreate', 'sys:codeCreate:list', 'views/sys/codeCreate/index', NULL,
        '0', '1', 'SysCodeCreate', '0', '0', '1', 11000, 'admin', NULL, NULL, 'admin', NULL, NULL);
INSERT INTO `t_sys_menu`
VALUES ('sysCodeType', '数据字典', 'sys', 'code', 'codeType', 'sys:codeType:list', 'views/sys/codeType/index', NULL, '0',
        '1', 'SysCodeType', '0', '0', '1', 10200, 'admin', NULL, NULL, 'admin', '2020-07-06', '2020-07-06 21:40:28');
INSERT INTO `t_sys_menu`
VALUES ('sysConfig', '参数管理', 'sys', 'link', 'config', 'sys:config:list', 'views/sys/config/index', NULL, '0', '1',
        'SysConfig', '0', '0', '1', 10100, 'admin', NULL, NULL, 'admin', '2020-06-14', '2020-06-14 10:47:06');
INSERT INTO `t_sys_menu`
VALUES ('sysFunc', '功能管理', 'sys', 'form', 'func', 'sys:func:list,sys:menu:getTreeData', 'views/sys/func/index', NULL,
        '0', '1', 'SysFunc', '0', '0', '1', 10500, 'admin', NULL, NULL, 'admin', '2020-11-09', '2020-11-09 16:51:18');
INSERT INTO `t_sys_menu`
VALUES ('sysJob', '定时任务', 'job', 'build-fill', 'sysJob', 'sys:job:list', 'views/sys/job/index', NULL, '0', '1',
        'SysJob', '0', '0', '1', 41000, 'admin', NULL, NULL, 'admin', '2020-06-14', '2020-06-14 10:30:55');
INSERT INTO `t_sys_menu`
VALUES ('sysJobLog', '定时任务日志', 'job', 'list', 'sysJobLog', 'sys:jobLog:list', 'views/sys/jobLog/index', NULL, '0', '1',
        'SysJobLog', '0', '0', '1', 42000, 'admin', NULL, NULL, 'admin', '2020-06-14', '2020-06-14 10:30:18');
INSERT INTO `t_sys_menu`
VALUES ('sysLog', '系统日志', 'sys', 'read-fill', 'log', 'sys:log:list', 'views/sys/log/index', NULL, '0', '1', 'SysLog',
        '0', '0', '1', 10900, 'admin', NULL, NULL, 'admin', '2020-06-14', '2020-06-14 10:43:00');
INSERT INTO `t_sys_menu`
VALUES ('sysMenu', '菜单管理', 'sys', 'menu', 'menu', 'sys:menu:list,sys:menu:getTreeData', 'views/sys/menu/index', NULL,
        '0', '1', 'SysMenu', '0', '0', '1', 10400, 'admin', NULL, NULL, 'admin', '2020-11-09', '2020-11-09 16:50:34');
INSERT INTO `t_sys_menu`
VALUES ('sysOrg', '机构管理', 'base', 'tree', 'org', 'sys:org:list,sys:org:getTreeData', 'views/sys/org/index', NULL, '0',
        '1', 'SysOrg', '0', '0', '1', 21000, 'admin', NULL, NULL, 'admin', '2020-06-14', '2020-06-14 10:35:48');
INSERT INTO `t_sys_menu`
VALUES ('sysPost', '岗位管理', 'base', 'tools', 'post', 'sys:post:list', 'views/sys/post/index', NULL, '0', '1', 'SysPost',
        '0', '0', '1', 22000, 'admin', NULL, NULL, 'admin', '2020-06-14', '2020-06-14 10:36:19');
INSERT INTO `t_sys_menu`
VALUES ('sysRole', '角色管理', 'sys', 'highlight-fill', 'role', 'sys:role:list', 'views/sys/role/index', NULL, '0', '1',
        'SysRole', '0', '0', '1', 10700, 'admin', NULL, NULL, 'admin', '2020-06-14', '2020-06-14 10:41:45');
INSERT INTO `t_sys_menu`
VALUES ('sysUser', '用户管理', 'sys', 'user', 'user', 'sys:user:list,sys:role:listAll', 'views/sys/user/index', NULL, '0',
        '1', 'SysUser', '0', '0', '1', 10800, 'admin', NULL, NULL, 'admin', '2020-06-14', '2020-06-14 10:40:19');
COMMIT;

-- ----------------------------
-- Table structure for t_sys_org
-- ----------------------------
DROP TABLE IF EXISTS `t_sys_org`;
CREATE TABLE `t_sys_org`
(
    `org_id`         varchar(32)  NOT NULL COMMENT '机构ID',
    `org_name`       varchar(100) NOT NULL COMMENT '机构名称',
    `parent_org_id`  varchar(32)       DEFAULT NULL COMMENT '上级机构ID',
    `short_name`     varchar(120)      DEFAULT NULL COMMENT '机构简称',
    `org_type`       varchar(4)        DEFAULT NULL COMMENT '机构类型',
    `org_level`      varchar(2)   NOT NULL COMMENT '机构级次',
    `org_level_code` varchar(200) NOT NULL COMMENT '组织机构路径',
    `remark`         varchar(255)      DEFAULT NULL COMMENT '备注',
    `is_leaf`        varchar(1)        DEFAULT NULL COMMENT '是否叶子节点',
    `create_by`      varchar(32)       DEFAULT NULL COMMENT '创建人',
    `create_date`    date              DEFAULT NULL COMMENT '创建日期',
    `create_time`    timestamp    NULL DEFAULT NULL COMMENT '创建时间',
    `update_by`      varchar(32)       DEFAULT NULL COMMENT '修改人',
    `update_date`    date              DEFAULT NULL COMMENT '修改日期',
    `update_time`    timestamp    NULL DEFAULT NULL COMMENT '修改时间',
    PRIMARY KEY (`org_id`)
) ENGINE = InnoDB
  DEFAULT CHARSET = utf8mb4
  COLLATE = utf8mb4_general_ci COMMENT ='SYS06_机构表';

-- ----------------------------
-- Records of t_sys_org
-- ----------------------------
BEGIN;
INSERT INTO `t_sys_org`
VALUES ('1000000000', '公司总部', '', '总部', '2', '1', '1000000000', '', '0', NULL, NULL, NULL, 'admin', '2020-10-30',
        '2020-10-30 14:38:57');
INSERT INTO `t_sys_org`
VALUES ('1100000000', '信息中心', '1000000000', '信息中心', '1', '2', '1000000000,1100000000', '', '1', 'admin', '2020-10-30',
        '2020-10-30 11:45:59', 'admin', '2020-10-30', '2020-10-30 11:46:27');
INSERT INTO `t_sys_org`
VALUES ('1200000000', '人力资源部', '1000000000', '人力', '1', '2', '1000000000,1200000000', '', '1', 'admin', '2020-10-30',
        '2020-10-30 11:59:27', 'admin', '2020-10-30', '2020-10-30 14:38:33');
INSERT INTO `t_sys_org`
VALUES ('1300000000', '财务部', '1000000000', '财务', '1', '2', '1000000000,1300000000', '', '0', 'admin', '2020-10-30',
        '2020-10-30 14:37:50', 'admin', '2020-10-30', '2020-10-30 14:38:40');
INSERT INTO `t_sys_org`
VALUES ('1310000000', '财务一组', '1300000000', '财务一组', '1', '3', '1000000000,1300000000,1310000000', NULL, '1', 'admin',
        '2020-10-30', '2020-10-30 23:47:35', NULL, NULL, NULL);
INSERT INTO `t_sys_org`
VALUES ('1320000000', '财务二组', '1300000000', '财务二组', '1', '3', '1000000000,1300000000,1320000000', NULL, '1', 'admin',
        '2020-10-30', '2020-10-30 23:48:23', NULL, NULL, NULL);
COMMIT;

-- ----------------------------
-- Table structure for t_sys_post
-- ----------------------------
DROP TABLE IF EXISTS `t_sys_post`;
CREATE TABLE `t_sys_post`
(
    `post_id`     varchar(32)  NOT NULL COMMENT '岗位ID',
    `post_name`   varchar(255) NOT NULL COMMENT '岗位名称',
    `post_status` varchar(1)   DEFAULT NULL COMMENT '状态',
    `sort_no`     int(11)      DEFAULT NULL COMMENT '排序号',
    `remark`      varchar(255) DEFAULT NULL COMMENT '备注',
    `create_by`   varchar(32)  DEFAULT NULL COMMENT '创建人',
    `create_date` date         DEFAULT NULL COMMENT '创建日期',
    `create_time` datetime     DEFAULT NULL COMMENT '创建时间',
    `update_by`   varchar(32)  DEFAULT NULL COMMENT '修改人',
    `update_date` date         DEFAULT NULL COMMENT '修改日期',
    `update_time` datetime     DEFAULT NULL COMMENT '修改时间',
    PRIMARY KEY (`post_id`)
) ENGINE = InnoDB
  DEFAULT CHARSET = utf8mb4
  COLLATE = utf8mb4_general_ci COMMENT ='SYS13_岗位表';

-- ----------------------------
-- Records of t_sys_post
-- ----------------------------
BEGIN;
INSERT INTO `t_sys_post`
VALUES ('boss', '老板', '1', 1, '', 'admin', '2020-04-12', '2020-04-12 20:45:42', NULL, NULL, NULL);
INSERT INTO `t_sys_post`
VALUES ('employee', '普通员工', '1', 3, '', 'admin', '2020-04-25', '2020-04-25 12:00:50', NULL, NULL, NULL);
INSERT INTO `t_sys_post`
VALUES ('manager', '经理', '1', 2, '', 'admin', '2020-04-12', '2020-04-12 20:45:24', 'admin', '2020-04-12',
        '2020-04-12 20:45:50');
COMMIT;

-- ----------------------------
-- Table structure for t_sys_post_user
-- ----------------------------
DROP TABLE IF EXISTS `t_sys_post_user`;
CREATE TABLE `t_sys_post_user`
(
    `post_user_id` varchar(32) NOT NULL COMMENT 'UUID',
    `post_id`      varchar(32) NOT NULL COMMENT '岗位ID',
    `user_id`      varchar(32) NOT NULL COMMENT '用户ID',
    `create_by`    varchar(32) DEFAULT NULL COMMENT '创建人',
    `create_date`  date        DEFAULT NULL COMMENT '创建日期',
    `create_time`  datetime    DEFAULT NULL COMMENT '创建时间',
    `update_by`    varchar(32) DEFAULT NULL COMMENT '修改人',
    `update_date`  date        DEFAULT NULL COMMENT '修改日期',
    `update_time`  datetime    DEFAULT NULL COMMENT '修改时间',
    PRIMARY KEY (`post_user_id`)
) ENGINE = InnoDB
  DEFAULT CHARSET = utf8mb4
  COLLATE = utf8mb4_general_ci COMMENT ='SYS14_岗位和用户关系表';

-- ----------------------------
-- Records of t_sys_post_user
-- ----------------------------
BEGIN;
INSERT INTO `t_sys_post_user`
VALUES ('398b12f5e2fe5ae1ced7bb47fbdc27d2', 'employee', 'monezhao', 'admin', '2020-12-09', '2020-12-09 10:16:03', NULL,
        NULL, NULL);
INSERT INTO `t_sys_post_user`
VALUES ('478e72366e23712e68fe600eb87c734c', 'manager', 'admin', 'admin', '2020-12-09', '2020-12-09 10:44:28', NULL,
        NULL, NULL);
INSERT INTO `t_sys_post_user`
VALUES ('12e68fe600eb87c7f5e2fe5ae1ced7bb', 'boss', 'admin', 'admin', '2020-05-27', '2020-05-27 17:46:37', NULL, NULL,
        NULL);
COMMIT;

-- ----------------------------
-- Table structure for t_sys_role
-- ----------------------------
DROP TABLE IF EXISTS `t_sys_role`;
CREATE TABLE `t_sys_role`
(
    `role_id`     varchar(32)  NOT NULL COMMENT '角色ID',
    `role_name`   varchar(100) NOT NULL COMMENT '角色名称',
    `sort_no`     int(11)      NOT NULL COMMENT '排序号',
    `remark`      varchar(255)      DEFAULT NULL COMMENT '备注',
    `create_by`   varchar(32)       DEFAULT NULL COMMENT '创建人',
    `create_date` date              DEFAULT NULL COMMENT '创建日期',
    `create_time` timestamp    NULL DEFAULT NULL COMMENT '创建时间',
    `update_by`   varchar(32)       DEFAULT NULL COMMENT '修改人',
    `update_date` date              DEFAULT NULL COMMENT '修改日期',
    `update_time` timestamp    NULL DEFAULT NULL COMMENT '修改时间',
    PRIMARY KEY (`role_id`)
) ENGINE = InnoDB
  DEFAULT CHARSET = utf8mb4
  COLLATE = utf8mb4_general_ci COMMENT ='SYS07_角色表';

-- ----------------------------
-- Records of t_sys_role
-- ----------------------------
BEGIN;
INSERT INTO `t_sys_role`
VALUES ('admin', '系统管理员', 1, '', NULL, NULL, NULL, 'admin', '2020-06-17', '2020-06-17 06:50:53');
INSERT INTO `t_sys_role`
VALUES ('queryRole', '用户', 2, '', 'admin', '2019-09-07', '2019-09-07 21:10:19', 'admin', '2020-06-17',
        '2020-06-17 06:50:46');
COMMIT;

-- ----------------------------
-- Table structure for t_sys_role_permission
-- ----------------------------
DROP TABLE IF EXISTS `t_sys_role_permission`;
CREATE TABLE `t_sys_role_permission`
(
    `role_permission_id` varchar(32) NOT NULL COMMENT '操作权限ID',
    `role_id`            varchar(32) NOT NULL COMMENT '角色ID',
    `permission_type`    varchar(1)  NOT NULL COMMENT '权限类型',
    `menu_or_func_id`    varchar(32) NOT NULL COMMENT '菜单或功能ID',
    `create_by`          varchar(32)      DEFAULT NULL COMMENT '创建人',
    `create_date`        date             DEFAULT NULL COMMENT '创建日期',
    `create_time`        timestamp   NULL DEFAULT NULL COMMENT '创建时间',
    `update_by`          varchar(32)      DEFAULT NULL COMMENT '修改人',
    `update_date`        date             DEFAULT NULL COMMENT '修改日期',
    `update_time`        timestamp   NULL DEFAULT NULL COMMENT '修改时间',
    PRIMARY KEY (`role_permission_id`)
) ENGINE = InnoDB
  DEFAULT CHARSET = utf8mb4
  COLLATE = utf8mb4_general_ci COMMENT ='SYS08_操作权限表';

-- ----------------------------
-- Records of t_sys_role_permission
-- ----------------------------
BEGIN;
INSERT INTO `t_sys_role_permission`
VALUES ('02c82174480218e57abf5516d4bd3f37', 'queryRole', '2', 'sysBalanceMain-3', 'admin', '2020-10-23',
        '2020-10-23 23:25:10', NULL, NULL, NULL);
INSERT INTO `t_sys_role_permission`
VALUES ('038cb35192a1c8f28c45afcf1a8e5c55', 'admin', '2', 'sysFunc-2', 'admin', '2020-12-09', '2020-12-09 09:45:34',
        NULL, NULL, NULL);
INSERT INTO `t_sys_role_permission`
VALUES ('051a9a195eb7787652254ecbf3fcd11f', 'admin', '1', 'sysJob', 'admin', '2020-12-09', '2020-12-09 09:45:34', NULL,
        NULL, NULL);
INSERT INTO `t_sys_role_permission`
VALUES ('05d1b2bb3932a77b9ff35dceb7b50e73', 'admin', '2', 'sysBalanceMain-3', 'admin', '2020-12-09',
        '2020-12-09 09:45:34', NULL, NULL, NULL);
INSERT INTO `t_sys_role_permission`
VALUES ('0d40999c331b58a4b7b18797aa7ce334', 'admin', '1', 'sys', 'admin', '2020-12-09', '2020-12-09 09:45:34', NULL,
        NULL, NULL);
INSERT INTO `t_sys_role_permission`
VALUES ('0da82cdf7c8309a15b623c6bee769e75', 'admin', '2', 'sysBalanceMain-4', 'admin', '2020-12-09',
        '2020-12-09 09:45:34', NULL, NULL, NULL);
INSERT INTO `t_sys_role_permission`
VALUES ('10709b0c3716b4acdf34986c0dbfcb3d', 'admin', '2', 'sysBalanceMain-5', 'admin', '2020-12-09',
        '2020-12-09 09:45:34', NULL, NULL, NULL);
INSERT INTO `t_sys_role_permission`
VALUES ('131676ab001df16454ca6ae95392ac09', 'admin', '2', 'sysUser-1', 'admin', '2020-12-09', '2020-12-09 09:45:34',
        NULL, NULL, NULL);
INSERT INTO `t_sys_role_permission`
VALUES ('149a1160a6998c52141f0ceca9ab8224', 'admin', '2', 'sysBalanceMain-2', 'admin', '2020-12-09',
        '2020-12-09 09:45:34', NULL, NULL, NULL);
INSERT INTO `t_sys_role_permission`
VALUES ('1cede031c69616c90d96b4c559e4e041', 'admin', '2', 'flowableForm-3', 'admin', '2020-12-09',
        '2020-12-09 09:45:34', NULL, NULL, NULL);
INSERT INTO `t_sys_role_permission`
VALUES ('1e7fd5c7ec0564415a482dbb2cba7bd2', 'admin', '1', 'sysLog', 'admin', '2020-12-09', '2020-12-09 09:45:34', NULL,
        NULL, NULL);
INSERT INTO `t_sys_role_permission`
VALUES ('209b0bc5f9a804f94b524f2982392ee7', 'admin', '1', 'flowableModel', 'admin', '2020-12-09', '2020-12-09 09:45:34',
        NULL, NULL, NULL);
INSERT INTO `t_sys_role_permission`
VALUES ('214d2b4ddd2b32b7a75ddcec05c0401e', 'admin', '2', 'sysJob-3', 'admin', '2020-12-09', '2020-12-09 09:45:34',
        NULL, NULL, NULL);
INSERT INTO `t_sys_role_permission`
VALUES ('257a946072630fa364057de28eba6ac0', 'admin', '2', 'sysFunc-1', 'admin', '2020-12-09', '2020-12-09 09:45:34',
        NULL, NULL, NULL);
INSERT INTO `t_sys_role_permission`
VALUES ('2b1bc1f336cec4be6f046babe0201a85', 'admin', '2', 'flowableModel-1', 'admin', '2020-12-09',
        '2020-12-09 09:45:34', NULL, NULL, NULL);
INSERT INTO `t_sys_role_permission`
VALUES ('2c744fbcdaaa84b31df710d95d25166f', 'admin', '2', 'sysPost-2', 'admin', '2020-12-09', '2020-12-09 09:45:34',
        NULL, NULL, NULL);
INSERT INTO `t_sys_role_permission`
VALUES ('3137313fb9f7226642bc201128e4144b', 'admin', '1', 'flowable', 'admin', '2020-12-09', '2020-12-09 09:45:34',
        NULL, NULL, NULL);
INSERT INTO `t_sys_role_permission`
VALUES ('32cb065440fd2b0bb685000576318349', 'admin', '2', 'sysUser-4', 'admin', '2020-12-09', '2020-12-09 09:45:34',
        NULL, NULL, NULL);
INSERT INTO `t_sys_role_permission`
VALUES ('330b43ac1b094672dc878d036359b766', 'admin', '2', 'sysMenu-2', 'admin', '2020-12-09', '2020-12-09 09:45:34',
        NULL, NULL, NULL);
INSERT INTO `t_sys_role_permission`
VALUES ('3393e22f38f10048770b8a4ac75b2e92', 'admin', '2', 'sysOrg-1', 'admin', '2020-12-09', '2020-12-09 09:45:34',
        NULL, NULL, NULL);
INSERT INTO `t_sys_role_permission`
VALUES ('347e07ce49900095058426e5702b7469', 'admin', '1', 'job', 'admin', '2020-12-09', '2020-12-09 09:45:34', NULL,
        NULL, NULL);
INSERT INTO `t_sys_role_permission`
VALUES ('385315e5013b050cc88bd80f726e2dd4', 'admin', '1', 'sysConfig', 'admin', '2020-12-09', '2020-12-09 09:45:34',
        NULL, NULL, NULL);
INSERT INTO `t_sys_role_permission`
VALUES ('3a51d3148dd1ee8533e0abbbb757a52f', 'admin', '1', 'flowableProcessDefinition', 'admin', '2020-12-09',
        '2020-12-09 09:45:34', NULL, NULL, NULL);
INSERT INTO `t_sys_role_permission`
VALUES ('3cf5c56582cfadc1b710b6187bd90197', 'queryRole', '1', 'sysBalanceMain', 'admin', '2020-10-23',
        '2020-10-23 23:25:10', NULL, NULL, NULL);
INSERT INTO `t_sys_role_permission`
VALUES ('45c09abe522aef10f5adc11a0115c8e4', 'admin', '2', 'sysCodeCreate-2', 'admin', '2020-12-09',
        '2020-12-09 09:45:34', NULL, NULL, NULL);
INSERT INTO `t_sys_role_permission`
VALUES ('45cb9fe63e674bf6acfbf01cf856d9aa', 'admin', '2', 'sysCodeCreate-1', 'admin', '2020-12-09',
        '2020-12-09 09:45:34', NULL, NULL, NULL);
INSERT INTO `t_sys_role_permission`
VALUES ('48fb540a4bc236ec624312908d424dd5', 'admin', '2', 'flowableProcessInstance-1', 'admin', '2020-12-09',
        '2020-12-09 09:45:34', NULL, NULL, NULL);
INSERT INTO `t_sys_role_permission`
VALUES ('4958eab73058909ce4fa630e69eb185e', 'admin', '1', 'sysOrg', 'admin', '2020-12-09', '2020-12-09 09:45:34', NULL,
        NULL, NULL);
INSERT INTO `t_sys_role_permission`
VALUES ('4a9d41108b9a13dc21f6888d0c22b731', 'admin', '1', 'monitor', 'admin', '2020-12-09', '2020-12-09 09:45:34', NULL,
        NULL, NULL);
INSERT INTO `t_sys_role_permission`
VALUES ('4b50f081adec3156710bae258057e2a1', 'admin', '2', 'sysCodeInfo-4', 'admin', '2020-12-09', '2020-12-09 09:45:34',
        NULL, NULL, NULL);
INSERT INTO `t_sys_role_permission`
VALUES ('4f1c6c986b8f8b6ea75e964dff2f3c6c', 'admin', '2', 'sysCodeType-2', 'admin', '2020-12-09', '2020-12-09 09:45:34',
        NULL, NULL, NULL);
INSERT INTO `t_sys_role_permission`
VALUES ('4fea1ed977eccf2a67497398d144a907', 'admin', '1', 'flowableTask', 'admin', '2020-12-09', '2020-12-09 09:45:34',
        NULL, NULL, NULL);
INSERT INTO `t_sys_role_permission`
VALUES ('5565beb45aea01b7b1bb0fcc00307ee3', 'admin', '2', 'flowableModel-3', 'admin', '2020-12-09',
        '2020-12-09 09:45:34', NULL, NULL, NULL);
INSERT INTO `t_sys_role_permission`
VALUES ('56240efbfc573bfcda5dd6ce13bcf79c', 'admin', '2', 'flowableProcessDefinition-4', 'admin', '2020-12-09',
        '2020-12-09 09:45:34', NULL, NULL, NULL);
INSERT INTO `t_sys_role_permission`
VALUES ('5666b7949b6f0e32ec289ac6b5ac47e8', 'admin', '2', 'flowableProcessInstance-3', 'admin', '2020-12-09',
        '2020-12-09 09:45:34', NULL, NULL, NULL);
INSERT INTO `t_sys_role_permission`
VALUES ('59c95fddadf4f272a07479ae51223bba', 'admin', '1', 'flowableForm', 'admin', '2020-12-09', '2020-12-09 09:45:34',
        NULL, NULL, NULL);
INSERT INTO `t_sys_role_permission`
VALUES ('5b27617dee62742231d00c4034ef8611', 'admin', '1', 'sysRole', 'admin', '2020-12-09', '2020-12-09 09:45:34', NULL,
        NULL, NULL);
INSERT INTO `t_sys_role_permission`
VALUES ('5ca810976e2f207396e0ea6335df99d7', 'admin', '2', 'flowableForm-1', 'admin', '2020-12-09',
        '2020-12-09 09:45:34', NULL, NULL, NULL);
INSERT INTO `t_sys_role_permission`
VALUES ('5dffadf7733d153a524ff4d731a29904', 'admin', '2', 'sysConfig-1', 'admin', '2020-12-09', '2020-12-09 09:45:34',
        NULL, NULL, NULL);
INSERT INTO `t_sys_role_permission`
VALUES ('5f193945d2198b2d993872a7458cf53b', 'admin', '2', 'sysCodeType-3', 'admin', '2020-12-09', '2020-12-09 09:45:34',
        NULL, NULL, NULL);
INSERT INTO `t_sys_role_permission`
VALUES ('61cba2f2cad9f52e6890b75e4c96830f', 'queryRole', '2', 'sysBalanceMain-2', 'admin', '2020-10-23',
        '2020-10-23 23:25:10', NULL, NULL, NULL);
INSERT INTO `t_sys_role_permission`
VALUES ('61fb56f04f128f5481e037665f8cb4b5', 'admin', '2', 'flowableProcessDefinition-1', 'admin', '2020-12-09',
        '2020-12-09 09:45:34', NULL, NULL, NULL);
INSERT INTO `t_sys_role_permission`
VALUES ('635a3893e8dbaf6009efcf1b528f9b61', 'admin', '2', 'sysRole-5', 'admin', '2020-12-09', '2020-12-09 09:45:34',
        NULL, NULL, NULL);
INSERT INTO `t_sys_role_permission`
VALUES ('652660a2c54448d33cbae27572bb0408', 'admin', '2', 'flowableForm-2', 'admin', '2020-12-09',
        '2020-12-09 09:45:34', NULL, NULL, NULL);
INSERT INTO `t_sys_role_permission`
VALUES ('6a161c3a6e282f7925b0138236ce7bc1', 'admin', '2', 'sysPost-4', 'admin', '2020-12-09', '2020-12-09 09:45:34',
        NULL, NULL, NULL);
INSERT INTO `t_sys_role_permission`
VALUES ('6a1e43859868ce8353574a40da3fb636', 'admin', '1', 'sysCodeCreate', 'admin', '2020-12-09', '2020-12-09 09:45:34',
        NULL, NULL, NULL);
INSERT INTO `t_sys_role_permission`
VALUES ('6d7421dd49869f4921cd814892477912', 'admin', '2', 'sysCodeInfo-2', 'admin', '2020-12-09', '2020-12-09 09:45:34',
        NULL, NULL, NULL);
INSERT INTO `t_sys_role_permission`
VALUES ('6e830f4c47419e0491379b3d20248e61', 'admin', '1', 'sysBalanceMain', 'admin', '2020-12-09',
        '2020-12-09 09:45:34', NULL, NULL, NULL);
INSERT INTO `t_sys_role_permission`
VALUES ('74424d430728df778a7f6c6fbec4fb94', 'admin', '2', 'sysCodeCreate-3', 'admin', '2020-12-09',
        '2020-12-09 09:45:34', NULL, NULL, NULL);
INSERT INTO `t_sys_role_permission`
VALUES ('75504f8048bb1d06cb3266bd3f07dc60', 'admin', '1', 'monitorDruid', 'admin', '2020-12-09', '2020-12-09 09:45:34',
        NULL, NULL, NULL);
INSERT INTO `t_sys_role_permission`
VALUES ('77d4ed26ed679b7be10ef4892385d41f', 'admin', '2', 'sysCodeInfo-1', 'admin', '2020-12-09', '2020-12-09 09:45:34',
        NULL, NULL, NULL);
INSERT INTO `t_sys_role_permission`
VALUES ('783b24dc91adbeec9c9a5cb2614cbdc5', 'admin', '2', 'sysConfig-3', 'admin', '2020-12-09', '2020-12-09 09:45:34',
        NULL, NULL, NULL);
INSERT INTO `t_sys_role_permission`
VALUES ('7c5d0f4ea1d4311f9edab9f3481764ac', 'admin', '1', 'sysPost', 'admin', '2020-12-09', '2020-12-09 09:45:34', NULL,
        NULL, NULL);
INSERT INTO `t_sys_role_permission`
VALUES ('7e7e28d58966f4b926f092f269aeca3a', 'admin', '2', 'flowableProcessInstance-2', 'admin', '2020-12-09',
        '2020-12-09 09:45:34', NULL, NULL, NULL);
INSERT INTO `t_sys_role_permission`
VALUES ('800e72c2a5927e542559ddc5e26479ad', 'admin', '1', 'sysUser', 'admin', '2020-12-09', '2020-12-09 09:45:34', NULL,
        NULL, NULL);
INSERT INTO `t_sys_role_permission`
VALUES ('82da9874fc5f3b1bf94ed0f78880fcd3', 'admin', '2', 'sysCodeInfo-3', 'admin', '2020-12-09', '2020-12-09 09:45:34',
        NULL, NULL, NULL);
INSERT INTO `t_sys_role_permission`
VALUES ('83149534143a0ba5c08f0df5548cfe7d', 'admin', '2', 'sysFunc-3', 'admin', '2020-12-09', '2020-12-09 09:45:34',
        NULL, NULL, NULL);
INSERT INTO `t_sys_role_permission`
VALUES ('85c6c8c07a94aef8a7ada9e1ea7b08a9', 'admin', '2', 'sysRole-4', 'admin', '2020-12-09', '2020-12-09 09:45:34',
        NULL, NULL, NULL);
INSERT INTO `t_sys_role_permission`
VALUES ('8ebe688d9285f4d482c2f214061a5370', 'queryRole', '1', 'statement', 'admin', '2020-10-23', '2020-10-23 23:25:10',
        NULL, NULL, NULL);
INSERT INTO `t_sys_role_permission`
VALUES ('8f5ff490bdfe38409aaa7ce1da428864', 'admin', '2', 'sysMenu-3', 'admin', '2020-12-09', '2020-12-09 09:45:34',
        NULL, NULL, NULL);
INSERT INTO `t_sys_role_permission`
VALUES ('8f9a9002c9816289726337181df3684d', 'admin', '2', 'flowableTask-1', 'admin', '2020-12-09',
        '2020-12-09 09:45:34', NULL, NULL, NULL);
INSERT INTO `t_sys_role_permission`
VALUES ('90658e603c0530a5f36177d9aaa1ebae', 'queryRole', '2', 'sysBalanceMain-1', 'admin', '2020-10-23',
        '2020-10-23 23:25:10', NULL, NULL, NULL);
INSERT INTO `t_sys_role_permission`
VALUES ('9a11ec61407d32638f5e2216c85da50e', 'admin', '1', 'monitorServer', 'admin', '2020-12-09', '2020-12-09 09:45:34',
        NULL, NULL, NULL);
INSERT INTO `t_sys_role_permission`
VALUES ('a24fc9af7982139cf11539f96d675b38', 'admin', '1', 'statement', 'admin', '2020-12-09', '2020-12-09 09:45:34',
        NULL, NULL, NULL);
INSERT INTO `t_sys_role_permission`
VALUES ('a6ced599bf8b6450596c6e63409ed0c3', 'admin', '2', 'sysMenu-1', 'admin', '2020-12-09', '2020-12-09 09:45:34',
        NULL, NULL, NULL);
INSERT INTO `t_sys_role_permission`
VALUES ('a77fc0a7b856bd50429f18dd2937f3bb', 'admin', '2', 'sysJob-2', 'admin', '2020-12-09', '2020-12-09 09:45:34',
        NULL, NULL, NULL);
INSERT INTO `t_sys_role_permission`
VALUES ('aa66010847268e1ec328559ad5e766f5', 'queryRole', '2', 'sysBalanceMain-4', 'admin', '2020-10-23',
        '2020-10-23 23:25:10', NULL, NULL, NULL);
INSERT INTO `t_sys_role_permission`
VALUES ('aabe332ecb6af08d29faed50a80a9242', 'admin', '2', 'sysOrg-3', 'admin', '2020-12-09', '2020-12-09 09:45:34',
        NULL, NULL, NULL);
INSERT INTO `t_sys_role_permission`
VALUES ('ad3008a4fe754b52017e1c39377c2f1a', 'admin', '2', 'sysConfig-2', 'admin', '2020-12-09', '2020-12-09 09:45:34',
        NULL, NULL, NULL);
INSERT INTO `t_sys_role_permission`
VALUES ('b26015136b84cb8b5c19152661214c29', 'admin', '1', 'sysFunc', 'admin', '2020-12-09', '2020-12-09 09:45:34', NULL,
        NULL, NULL);
INSERT INTO `t_sys_role_permission`
VALUES ('b41d6767fe7cb29304be65a6cbf65293', 'admin', '2', 'flowableModel-6', 'admin', '2020-12-09',
        '2020-12-09 09:45:34', NULL, NULL, NULL);
INSERT INTO `t_sys_role_permission`
VALUES ('b5b487a37559c939a3e14eaf2f77c29a', 'admin', '2', 'sysJob-1', 'admin', '2020-12-09', '2020-12-09 09:45:34',
        NULL, NULL, NULL);
INSERT INTO `t_sys_role_permission`
VALUES ('b6d63dc90f5c3ad23808e1f0fe69fbec', 'admin', '2', 'sysRole-3', 'admin', '2020-12-09', '2020-12-09 09:45:34',
        NULL, NULL, NULL);
INSERT INTO `t_sys_role_permission`
VALUES ('c124a320de43b2cf6ee0ddca63bb6e62', 'admin', '1', 'sysMenu', 'admin', '2020-12-09', '2020-12-09 09:45:34', NULL,
        NULL, NULL);
INSERT INTO `t_sys_role_permission`
VALUES ('c1fe87ddde09d58ca8467b3b494b8a0c', 'admin', '1', 'statementTable', 'admin', '2020-12-09',
        '2020-12-09 09:45:34', NULL, NULL, NULL);
INSERT INTO `t_sys_role_permission`
VALUES ('c2f1ead795fce2f91215c4558a729bf5', 'admin', '1', 'balance', 'admin', '2020-12-09', '2020-12-09 09:45:34', NULL,
        NULL, NULL);
INSERT INTO `t_sys_role_permission`
VALUES ('c429f0a414b0b79520a9d33c64346d60', 'admin', '2', 'sysUser-2', 'admin', '2020-12-09', '2020-12-09 09:45:34',
        NULL, NULL, NULL);
INSERT INTO `t_sys_role_permission`
VALUES ('c4852643d29fc1e8cc0b7b4307ff117d', 'admin', '2', 'sysCodeCreate-4', 'admin', '2020-12-09',
        '2020-12-09 09:45:34', NULL, NULL, NULL);
INSERT INTO `t_sys_role_permission`
VALUES ('c6be8b2672a212a685d1fbaf47e32cb0', 'admin', '1', 'sysCodeType', 'admin', '2020-12-09', '2020-12-09 09:45:34',
        NULL, NULL, NULL);
INSERT INTO `t_sys_role_permission`
VALUES ('c7b6a0a0daf04b23ed42cf6eec745cb0', 'admin', '2', 'sysUser-3', 'admin', '2020-12-09', '2020-12-09 09:45:34',
        NULL, NULL, NULL);
INSERT INTO `t_sys_role_permission`
VALUES ('c7c1856f1e4775ccfdb99df2a114fd0b', 'admin', '2', 'sysPost-3', 'admin', '2020-12-09', '2020-12-09 09:45:34',
        NULL, NULL, NULL);
INSERT INTO `t_sys_role_permission`
VALUES ('c92c517b95afd76894e699ea98a349fb', 'admin', '2', 'flowableModel-5', 'admin', '2020-12-09',
        '2020-12-09 09:45:34', NULL, NULL, NULL);
INSERT INTO `t_sys_role_permission`
VALUES ('c94d7d2028f0420c6ea066958d7dc5cd', 'admin', '1', 'base', 'admin', '2020-12-09', '2020-12-09 09:45:34', NULL,
        NULL, NULL);
INSERT INTO `t_sys_role_permission`
VALUES ('cdd3dd6fb86ef8dae5431534df6a7665', 'admin', '2', 'sysPost-1', 'admin', '2020-12-09', '2020-12-09 09:45:34',
        NULL, NULL, NULL);
INSERT INTO `t_sys_role_permission`
VALUES ('cf72eaa2d6549dbe762a4001a176a808', 'admin', '2', 'sysRole-1', 'admin', '2020-12-09', '2020-12-09 09:45:34',
        NULL, NULL, NULL);
INSERT INTO `t_sys_role_permission`
VALUES ('cffdbb25ef786fb8fcec7a15eadb81de', 'admin', '1', 'monitorSwagger', 'admin', '2020-12-09',
        '2020-12-09 09:45:34', NULL, NULL, NULL);
INSERT INTO `t_sys_role_permission`
VALUES ('d0c0e542ac1c6696bcb1ade6b24628b9', 'admin', '2', 'sysBalanceMain-1', 'admin', '2020-12-09',
        '2020-12-09 09:45:34', NULL, NULL, NULL);
INSERT INTO `t_sys_role_permission`
VALUES ('d2de9c11d8fbf11ec30d0c1b64f2eda8', 'admin', '2', 'sysCodeType-1', 'admin', '2020-12-09', '2020-12-09 09:45:34',
        NULL, NULL, NULL);
INSERT INTO `t_sys_role_permission`
VALUES ('d4c9b75bc2fb7589577eb42d10a5a493', 'admin', '2', 'flowableProcessDefinition-5', 'admin', '2020-12-09',
        '2020-12-09 09:45:34', NULL, NULL, NULL);
INSERT INTO `t_sys_role_permission`
VALUES ('d6a9298ceb9a4754850f75fa1ed84f65', 'admin', '1', 'sysJobLog', 'admin', '2020-12-09', '2020-12-09 09:45:34',
        NULL, NULL, NULL);
INSERT INTO `t_sys_role_permission`
VALUES ('d6ed2504d5da353f6784c2d4245953bc', 'admin', '2', 'flowableModel-4', 'admin', '2020-12-09',
        '2020-12-09 09:45:34', NULL, NULL, NULL);
INSERT INTO `t_sys_role_permission`
VALUES ('d791725ec0e2d3e1bcc2356138e731dd', 'admin', '2', 'sysRole-2', 'admin', '2020-12-09', '2020-12-09 09:45:34',
        NULL, NULL, NULL);
INSERT INTO `t_sys_role_permission`
VALUES ('d88734c27a8c46b4554264b8e16b4ab6', 'queryRole', '2', 'sysBalanceMain-5', 'admin', '2020-10-23',
        '2020-10-23 23:25:10', NULL, NULL, NULL);
INSERT INTO `t_sys_role_permission`
VALUES ('d8b010f27f21d11c9c01ec8ede0d4424', 'admin', '2', 'sysJob-4', 'admin', '2020-12-09', '2020-12-09 09:45:34',
        NULL, NULL, NULL);
INSERT INTO `t_sys_role_permission`
VALUES ('dce064302cd54c689ee98617cbb559f6', 'admin', '2', 'flowableProcessDefinition-2', 'admin', '2020-12-09',
        '2020-12-09 09:45:34', NULL, NULL, NULL);
INSERT INTO `t_sys_role_permission`
VALUES ('efde5b936658721f5143d38ca96cd325', 'queryRole', '1', 'statementTable', 'admin', '2020-10-23',
        '2020-10-23 23:25:10', NULL, NULL, NULL);
INSERT INTO `t_sys_role_permission`
VALUES ('f02ca12fb3ecdbf2a64a98e30022a610', 'admin', '2', 'sysJob-5', 'admin', '2020-12-09', '2020-12-09 09:45:34',
        NULL, NULL, NULL);
INSERT INTO `t_sys_role_permission`
VALUES ('f12a3750ef10b5c768c60365926d9ebd', 'admin', '2', 'flowableProcessDefinition-3', 'admin', '2020-12-09',
        '2020-12-09 09:45:34', NULL, NULL, NULL);
INSERT INTO `t_sys_role_permission`
VALUES ('f47775f64d7764caa54085eff8a22ad7', 'queryRole', '1', 'balance', 'admin', '2020-10-23', '2020-10-23 23:25:10',
        NULL, NULL, NULL);
INSERT INTO `t_sys_role_permission`
VALUES ('f50101de641aca8f2c956d93bc609adf', 'admin', '1', 'flowableProcessInstance', 'admin', '2020-12-09',
        '2020-12-09 09:45:34', NULL, NULL, NULL);
INSERT INTO `t_sys_role_permission`
VALUES ('f6854f86f43805391654e44af908d822', 'admin', '2', 'flowableModel-2', 'admin', '2020-12-09',
        '2020-12-09 09:45:34', NULL, NULL, NULL);
INSERT INTO `t_sys_role_permission`
VALUES ('f8789de7151c4f2584f80b79ad4383de', 'admin', '2', 'sysOrg-2', 'admin', '2020-12-09', '2020-12-09 09:45:34',
        NULL, NULL, NULL);
COMMIT;

-- ----------------------------
-- Table structure for t_sys_role_user
-- ----------------------------
DROP TABLE IF EXISTS `t_sys_role_user`;
CREATE TABLE `t_sys_role_user`
(
    `role_user_id` varchar(32) NOT NULL COMMENT 'UUID',
    `role_id`      varchar(32) NOT NULL COMMENT '角色ID',
    `user_id`      varchar(32) NOT NULL COMMENT '用户ID',
    `create_by`    varchar(32)      DEFAULT NULL COMMENT '创建人',
    `create_date`  date             DEFAULT NULL COMMENT '创建日期',
    `create_time`  timestamp   NULL DEFAULT NULL COMMENT '创建时间',
    `update_by`    varchar(32)      DEFAULT NULL COMMENT '修改人',
    `update_date`  date             DEFAULT NULL COMMENT '修改日期',
    `update_time`  timestamp   NULL DEFAULT NULL COMMENT '修改时间',
    PRIMARY KEY (`role_user_id`)
) ENGINE = InnoDB
  DEFAULT CHARSET = utf8mb4
  COLLATE = utf8mb4_general_ci COMMENT ='SYS11_角色和用户关系表';

-- ----------------------------
-- Records of t_sys_role_user
-- ----------------------------
BEGIN;
INSERT INTO `t_sys_role_user`
VALUES ('admin-admin', 'admin', 'admin', 'admin', '2020-03-17', '2020-03-17 14:11:29', NULL, NULL, NULL);
INSERT INTO `t_sys_role_user`
VALUES ('queryRole-monezhao', 'queryRole', 'monezhao', 'admin', '2020-06-12', '2020-06-12 11:07:42', NULL, NULL, NULL);
COMMIT;

-- ----------------------------
-- Table structure for t_sys_user
-- ----------------------------
DROP TABLE IF EXISTS `t_sys_user`;
CREATE TABLE `t_sys_user`
(
    `user_id`     varchar(32)  NOT NULL COMMENT '用户ID',
    `user_name`   varchar(100) NOT NULL COMMENT '用户姓名',
    `password`    varchar(100) NOT NULL COMMENT '密码',
    `salt`        varchar(8)        DEFAULT NULL COMMENT '密码盐',
    `sex`         varchar(1)        DEFAULT NULL COMMENT '性别',
    `role_id`     varchar(32)       DEFAULT NULL COMMENT '所属角色ID',
    `org_id`      varchar(32)       DEFAULT NULL COMMENT '所属机构ID',
    `mobile`      varchar(20)       DEFAULT NULL COMMENT '手机号码',
    `id_card_no`  varchar(20)       DEFAULT NULL COMMENT '身份证号码',
    `email`       varchar(100)      DEFAULT NULL COMMENT '邮箱',
    `status`      varchar(1)        DEFAULT NULL COMMENT '用户状态',
    `sort_no`     int(11)           DEFAULT NULL COMMENT '排序号',
    `remark`      varchar(255)      DEFAULT NULL COMMENT '备注',
    `create_by`   varchar(32)       DEFAULT NULL COMMENT '创建人',
    `create_date` date              DEFAULT NULL COMMENT '创建日期',
    `create_time` timestamp    NULL DEFAULT NULL COMMENT '创建时间',
    `update_by`   varchar(32)       DEFAULT NULL COMMENT '修改人',
    `update_date` date              DEFAULT NULL COMMENT '修改日期',
    `update_time` timestamp    NULL DEFAULT NULL COMMENT '修改时间',
    PRIMARY KEY (`user_id`),
    UNIQUE KEY `unique_user_name` (`user_name`)
) ENGINE = InnoDB
  DEFAULT CHARSET = utf8mb4
  COLLATE = utf8mb4_general_ci COMMENT ='SYS10_用户表';

-- ----------------------------
-- Records of t_sys_user
-- ----------------------------
BEGIN;
INSERT INTO `t_sys_user`
VALUES ('admin', 'admin', '4560a01246015a762ccb8c449fd7e9415858a98e99ccbc1f9e5dc1bf992560cc', 'RPOT6fZi', '1', 'admin',
        '1000000000', '18888888888', 'xxx', 'xxx@yyy.zz', '1', 1, '1', NULL, NULL, NULL, 'admin', '2020-06-08',
        '2020-06-08 06:52:30');
INSERT INTO `t_sys_user`
VALUES ('monezhao', 'monezhao', 'af083312ff190e98531786fb5912dadb12cdad917e6267f15fbadecd1d0ae81c', 'jhqF75Xr', '1',
        'queryRole', '1000000000', 'x', 'x', 'x', '1', 2, '', 'admin', '2020-06-12', '2020-06-12 11:07:42', 'admin',
        '2020-11-18', '2020-11-18 17:21:13');
COMMIT;

-- ----------------------------
-- Table structure for t_sys_user_short_cut
-- ----------------------------
DROP TABLE IF EXISTS `t_sys_user_short_cut`;
CREATE TABLE `t_sys_user_short_cut`
(
    `user_short_cut_id` varchar(32) NOT NULL COMMENT '操作权限ID',
    `user_id`           varchar(32) NOT NULL COMMENT '用户ID',
    `menu_id`           varchar(32) NOT NULL COMMENT '菜单ID',
    `create_by`         varchar(32) DEFAULT NULL COMMENT '创建人',
    `create_date`       date        DEFAULT NULL COMMENT '创建日期',
    `create_time`       datetime    DEFAULT NULL COMMENT '创建时间',
    `update_by`         varchar(32) DEFAULT NULL COMMENT '修改人',
    `update_date`       date        DEFAULT NULL COMMENT '修改日期',
    `update_time`       datetime    DEFAULT NULL COMMENT '修改时间',
    PRIMARY KEY (`user_short_cut_id`)
) ENGINE = InnoDB
  DEFAULT CHARSET = utf8mb4
  COLLATE = utf8mb4_general_ci COMMENT ='用户与快捷方式表';

-- ----------------------------
-- Records of t_sys_user_short_cut
-- ----------------------------
BEGIN;
INSERT INTO `t_sys_user_short_cut`
VALUES ('1280856268906434562', 'monezhao', 'sysBalanceMain', 'monezhao', '2020-07-08', '2020-07-08 21:28:26', NULL,
        NULL, NULL);
INSERT INTO `t_sys_user_short_cut`
VALUES ('1281223747671429122', 'admin', 'sysCodeType', 'admin', '2020-07-09', '2020-07-09 21:48:40', NULL, NULL, NULL);
INSERT INTO `t_sys_user_short_cut`
VALUES ('1281223747713372162', 'admin', 'sysMenu', 'admin', '2020-07-09', '2020-07-09 21:48:40', NULL, NULL, NULL);
INSERT INTO `t_sys_user_short_cut`
VALUES ('1281223747738537986', 'admin', 'sysFunc', 'admin', '2020-07-09', '2020-07-09 21:48:40', NULL, NULL, NULL);
INSERT INTO `t_sys_user_short_cut`
VALUES ('1281223747759509505', 'admin', 'sysUser', 'admin', '2020-07-09', '2020-07-09 21:48:40', NULL, NULL, NULL);
INSERT INTO `t_sys_user_short_cut`
VALUES ('1281223747788869634', 'admin', 'monitorSwagger', 'admin', '2020-07-09', '2020-07-09 21:48:40', NULL, NULL,
        NULL);
INSERT INTO `t_sys_user_short_cut`
VALUES ('2b26b87faf20c863ab20b4da8d24181d', 'admin', 'monitorServer', 'admin', '2020-11-26', '2020-11-26 10:21:54',
        NULL, NULL, NULL);
INSERT INTO `t_sys_user_short_cut`
VALUES ('7c0514be37718e4ad3f91730e4310961', 'monezhao', 'statementTable', 'admin', '2020-10-23', '2020-10-23 23:25:18',
        NULL, NULL, NULL);
COMMIT;

SET FOREIGN_KEY_CHECKS = 1;
